MCGS_TIME,MCGS_TIMEMS,Temp,PH,DO,NH4,CA,Salinity,Unnamed: 8,SensorID
6/22/2022 14:17,98,21.66,6.84,6.19,82.83,6.2,1.41,472,Sensor-1
6/22/2022 14:17,98,23.59,5.74,3.5,83.24,2.52,1.86,472,Sensor-2
6/22/2022 14:18,98,24.38,6.38,4.3,79.67,6.28,1.72,472,Sensor-3
6/22/2022 14:18,98,25.27,7.01,3.24,81.28,6.39,1.26,473,Sensor-4
6/22/2022 14:19,98,24.86,10.03,6.18,80.45,5.95,1.89,472,Sensor-5
6/22/2022 14:19,99,21.74,9.02,3.15,80.52,4.85,0.0,472,Sensor-6
6/22/2022 14:20,98,20.51,6.26,3.3,82.89,4.0,0.62,472,Sensor-7
6/22/2022 14:20,98,22.72,8.93,5.91,82.46,2.89,1.14,472,Sensor-8
6/22/2022 14:21,98,23.09,8.97,7.53,80.4,7.44,0.1,472,Sensor-9
6/22/2022 14:21,99,20.54,7.38,6.85,80.12,5.84,0.0,472,Sensor-10
6/22/2022 14:22,98,24.96,8.07,4.72,82.3,3.63,0.0,472,Sensor-11
6/22/2022 14:22,98,20.75,6.1,3.59,79.27,4.36,2.19,472,Sensor-12
6/22/2022 14:23,98,21.82,7.96,2.66,83.42,3.43,0.0,472,Sensor-13
6/22/2022 14:23,98,21.73,7.64,5.98,81.74,5.8,1.11,472,Sensor-14
6/22/2022 14:24,98,24.23,5.76,5.55,83.01,4.73,0.0,472,Sensor-15
6/22/2022 14:24,98,20.48,7.17,2.92,80.12,2.64,0.0,472,Sensor-16
6/22/2022 14:25,98,23.79,9.91,4.6,81.2,7.35,0.01,472,Sensor-17
6/22/2022 14:25,98,20.65,6.87,3.64,80.86,7.35,2.09,472,Sensor-18
6/22/2022 14:26,98,21.37,9.24,3.86,82.01,3.4,0.49,472,Sensor-19
6/22/2022 14:26,98,25.0,7.79,4.34,83.96,6.08,0.0,472,Sensor-20
6/22/2022 14:27,98,24.7,8.16,3.76,79.9,5.23,0.0,472,Sensor-21
6/22/2022 14:27,98,24.61,10.2,6.83,81.87,3.82,0.59,473,Sensor-22
6/22/2022 14:28,98,23.9,6.86,3.3,79.81,5.64,2.25,472,Sensor-23
6/22/2022 14:28,98,22.4,7.56,4.03,84.06,2.75,1.57,472,Sensor-24
6/22/2022 14:29,98,20.76,8.9,3.77,82.73,3.26,0.65,473,Sensor-25
6/22/2022 14:29,98,23.05,8.1,3.37,82.53,6.56,2.56,473,Sensor-26
6/22/2022 14:30,98,25.19,6.14,3.36,82.56,7.04,1.08,472,Sensor-27
6/22/2022 14:30,98,22.57,10.23,6.01,79.55,7.25,1.25,473,Sensor-28
6/22/2022 14:31,98,21.92,7.19,5.13,81.81,5.24,0.0,472,Sensor-29
6/22/2022 14:31,99,22.63,9.45,4.84,80.37,5.02,2.1,473,Sensor-30
6/22/2022 14:32,98,20.93,7.27,5.79,79.52,4.7,0.45,472,Sensor-31
6/22/2022 14:32,98,20.8,6.85,2.9,80.17,3.98,0.23,472,Sensor-32
6/22/2022 14:33,98,23.63,9.38,5.09,83.54,3.33,2.36,472,Sensor-33
6/22/2022 14:33,98,25.11,9.88,5.91,80.82,3.94,1.6,472,Sensor-34
6/22/2022 14:34,98,24.96,10.23,4.51,79.32,5.07,0.0,473,Sensor-35
6/22/2022 14:34,98,23.88,6.79,3.13,84.04,6.41,2.56,472,Sensor-36
6/22/2022 14:35,98,25.12,5.78,2.98,81.92,2.51,0.0,473,Sensor-37
6/22/2022 14:35,98,24.24,6.58,3.48,82.26,4.35,1.43,472,Sensor-38
6/22/2022 14:36,98,23.05,8.21,5.55,79.47,5.63,1.22,473,Sensor-39
6/22/2022 14:36,98,23.95,8.48,4.63,82.9,5.35,1.2,472,Sensor-40
6/22/2022 14:37,98,24.36,10.07,3.33,84.43,3.54,0.0,473,Sensor-41
6/22/2022 14:37,98,24.88,7.55,4.13,82.69,3.74,1.34,472,Sensor-42
6/22/2022 14:38,98,24.87,7.93,4.87,80.88,3.25,0.0,472,Sensor-43
6/22/2022 14:38,99,22.94,5.94,3.25,79.12,3.55,0.0,472,Sensor-44
6/22/2022 14:39,98,23.39,8.78,6.31,81.26,5.02,0.0,472,Sensor-45
6/22/2022 14:39,98,21.42,6.8,3.4,83.13,2.67,2.43,472,Sensor-46
6/22/2022 14:40,98,20.76,7.87,6.6,83.14,4.53,1.38,472,Sensor-47
6/22/2022 14:40,98,24.44,10.17,5.07,82.54,5.22,0.0,472,Sensor-48
6/22/2022 14:41,98,24.08,10.36,4.56,84.08,7.26,0.0,473,Sensor-49
6/22/2022 14:41,98,24.34,7.57,4.46,80.58,2.59,0.0,472,Sensor-50
6/22/2022 14:42,98,24.37,7.43,6.73,84.55,3.27,0.8,473,Sensor-51
6/22/2022 14:42,98,23.85,10.02,5.27,82.49,5.53,0.2,472,Sensor-52
6/22/2022 14:43,99,23.8,8.28,5.43,83.93,5.07,0.42,472,Sensor-53
6/22/2022 14:43,98,22.41,10.41,3.19,84.46,2.61,0.0,473,Sensor-54
6/22/2022 14:44,98,24.48,8.42,6.23,80.31,4.59,0.19,473,Sensor-55
6/22/2022 14:44,99,20.63,9.16,4.21,82.78,3.06,0.0,473,Sensor-56
6/22/2022 14:45,98,21.38,10.25,5.43,83.95,4.87,0.58,472,Sensor-57
6/22/2022 14:45,98,22.69,9.72,6.72,80.99,2.6,2.07,473,Sensor-58
6/22/2022 14:46,98,23.88,9.94,5.95,80.41,7.24,0.0,473,Sensor-59
6/22/2022 14:46,98,21.21,9.56,4.22,80.13,4.87,0.55,472,Sensor-60
6/22/2022 14:47,98,24.85,7.5,2.55,83.42,5.23,1.8,473,Sensor-61
6/22/2022 14:47,98,22.52,5.48,6.51,82.35,3.39,0.0,473,Sensor-62
6/22/2022 14:48,98,23.44,7.59,4.0,82.27,4.43,0.0,473,Sensor-63
6/22/2022 14:48,98,24.06,7.89,4.52,80.72,6.14,1.59,473,Sensor-64
6/22/2022 14:49,98,23.38,8.22,5.7,81.84,6.39,0.0,473,Sensor-65
6/22/2022 14:49,98,22.15,6.82,3.89,83.78,5.58,0.08,473,Sensor-66
6/22/2022 14:50,99,21.01,6.06,6.57,81.21,5.71,2.0,473,Sensor-67
6/22/2022 14:50,98,22.97,6.39,7.45,82.73,3.93,1.72,473,Sensor-68
6/22/2022 14:51,98,22.75,8.99,4.35,82.61,3.65,1.14,473,Sensor-69
6/22/2022 14:51,99,23.77,10.06,7.17,82.49,4.53,1.49,473,Sensor-70
6/22/2022 14:52,99,21.0,6.82,6.78,80.8,6.73,0.0,472,Sensor-71
6/22/2022 14:52,98,23.94,9.94,4.72,80.07,3.45,0.0,473,Sensor-72
6/22/2022 14:53,98,21.77,7.59,3.98,81.37,5.79,1.9,472,Sensor-73
6/22/2022 14:53,98,22.04,5.61,3.86,81.14,3.42,1.65,473,Sensor-74
6/22/2022 14:54,98,21.63,5.65,6.97,83.39,6.66,0.0,473,Sensor-75
6/22/2022 14:54,98,24.1,8.6,2.66,82.65,5.72,0.08,473,Sensor-76
6/22/2022 14:55,98,20.41,9.49,5.39,82.76,7.37,1.32,472,Sensor-77
6/22/2022 14:55,99,24.46,9.5,6.29,81.7,2.46,1.53,472,Sensor-78
6/22/2022 14:56,98,22.9,7.16,3.59,84.56,4.63,1.08,472,Sensor-79
6/22/2022 14:56,98,21.37,9.29,7.35,80.06,7.34,2.24,473,Sensor-80
6/22/2022 14:57,98,24.79,10.34,7.28,79.72,6.65,1.84,473,Sensor-81
6/22/2022 14:57,99,22.92,8.91,7.39,80.93,3.21,0.0,473,Sensor-82
6/22/2022 14:58,99,23.71,9.53,6.88,79.79,3.68,1.82,473,Sensor-83
6/22/2022 14:58,98,20.32,8.96,6.26,81.51,4.11,0.0,473,Sensor-84
6/22/2022 14:59,98,21.64,6.27,3.82,81.2,4.85,1.05,473,Sensor-85
6/22/2022 14:59,98,23.93,5.76,5.59,82.6,2.98,0.0,473,Sensor-86
6/22/2022 15:00,98,21.91,6.73,4.94,80.63,7.24,0.0,473,Sensor-87
6/22/2022 15:00,99,22.31,7.87,4.2,83.3,5.0,0.0,473,Sensor-88
6/22/2022 15:01,99,21.3,6.04,5.46,81.99,5.9,2.18,473,Sensor-89
6/22/2022 15:01,99,22.82,5.74,5.06,82.87,4.98,1.53,472,Sensor-90
6/22/2022 15:02,98,20.87,6.16,3.34,81.97,4.93,0.48,473,Sensor-91
6/22/2022 15:02,98,23.14,9.43,6.82,84.52,5.43,1.79,473,Sensor-92
6/22/2022 15:03,98,22.84,10.04,3.14,83.32,5.23,0.78,472,Sensor-93
6/22/2022 15:03,98,20.83,7.8,7.29,80.27,6.93,0.0,473,Sensor-94
6/22/2022 15:04,98,22.1,5.67,3.44,82.26,5.5,0.0,473,Sensor-95
6/22/2022 15:04,99,24.56,9.03,5.4,83.6,4.3,0.0,473,Sensor-96
6/22/2022 15:05,99,24.63,9.59,5.86,82.61,5.23,0.0,473,Sensor-97
6/22/2022 15:05,98,22.33,5.44,4.82,84.27,6.65,0.0,473,Sensor-98
6/22/2022 15:06,98,23.95,10.04,4.21,80.2,2.4,0.0,473,Sensor-99
6/22/2022 15:06,98,24.47,9.41,7.38,81.13,6.76,0.63,473,Sensor-100
6/22/2022 15:07,98,20.72,6.87,6.07,82.45,6.48,1.8,473,Sensor-1
6/22/2022 15:07,99,22.76,8.15,5.6,81.19,6.49,0.78,473,Sensor-2
6/22/2022 15:08,98,22.66,7.62,7.27,80.62,4.28,1.98,473,Sensor-3
6/22/2022 15:08,98,21.65,6.58,6.19,83.77,4.44,0.0,473,Sensor-4
6/22/2022 15:09,98,24.51,8.7,7.33,81.99,6.47,0.0,473,Sensor-5
6/22/2022 15:09,98,22.16,6.44,7.26,82.19,3.14,0.0,473,Sensor-6
6/22/2022 15:10,98,20.61,6.36,4.34,80.83,4.17,0.5,473,Sensor-7
6/22/2022 15:10,99,21.41,10.04,2.52,80.55,6.94,0.71,473,Sensor-8
6/22/2022 15:11,99,21.94,9.57,5.02,79.98,4.26,0.0,473,Sensor-9
6/22/2022 15:11,99,22.73,8.93,4.22,79.5,5.53,2.58,473,Sensor-10
6/22/2022 15:12,98,23.61,5.61,6.99,81.17,4.57,0.0,473,Sensor-11
6/22/2022 15:12,98,20.4,10.04,3.39,81.14,6.76,0.0,473,Sensor-12
6/22/2022 15:13,98,24.6,10.3,5.34,81.2,4.07,0.0,473,Sensor-13
6/22/2022 15:13,98,22.74,7.23,5.37,81.88,4.23,0.0,473,Sensor-14
6/22/2022 15:14,98,22.51,8.68,6.31,79.45,2.46,0.0,473,Sensor-15
6/22/2022 15:14,98,21.31,8.63,2.88,82.91,6.28,1.81,473,Sensor-16
6/22/2022 15:15,98,24.93,5.99,5.67,81.78,3.6,0.0,473,Sensor-17
6/22/2022 15:15,98,24.03,6.93,7.18,81.42,4.31,0.0,473,Sensor-18
6/22/2022 15:16,99,22.66,10.4,6.57,80.96,7.39,0.32,473,Sensor-19
6/22/2022 15:16,98,21.93,9.96,3.34,80.93,3.88,0.02,473,Sensor-20
6/22/2022 15:17,98,25.02,5.98,7.21,81.15,5.53,1.85,473,Sensor-21
6/22/2022 15:17,98,25.12,5.59,5.0,80.73,6.27,0.94,473,Sensor-22
6/22/2022 15:18,98,24.28,7.67,6.35,83.33,7.25,0.0,473,Sensor-23
6/22/2022 15:18,98,20.99,8.27,7.18,83.34,3.88,0.32,473,Sensor-24
6/22/2022 15:19,98,22.05,10.29,3.86,79.65,5.92,0.0,473,Sensor-25
6/22/2022 15:19,98,22.76,10.36,5.35,80.24,4.52,2.12,473,Sensor-26
6/22/2022 15:20,98,23.09,7.1,5.56,81.3,2.43,0.0,473,Sensor-27
6/22/2022 15:20,98,21.83,9.79,2.94,81.03,4.22,0.0,473,Sensor-28
6/22/2022 15:21,99,21.79,6.52,6.86,84.25,5.98,2.51,473,Sensor-29
6/22/2022 15:21,99,24.86,10.02,5.38,83.41,4.16,0.0,473,Sensor-30
9/28/2022 17:40,19,0.0,0.0,0.0,0.24,0.0,0.27,0,Sensor-31
9/28/2022 18:33,20,0.0,1.34,0.0,0.0,0.88,0.0,0,Sensor-32
9/28/2022 18:34,20,2.17,0.0,0.96,0.0,1.11,0.34,0,Sensor-33
9/28/2022 18:34,20,1.95,0.0,0.78,2.09,0.0,0.0,0,Sensor-34
9/28/2022 18:35,19,0.0,1.18,0.0,0.0,0.0,0.0,0,Sensor-35
9/28/2022 18:35,19,0.06,0.0,0.0,0.0,2.5,0.0,0,Sensor-36
9/28/2022 18:36,20,0.0,0.0,1.89,0.0,1.42,0.0,0,Sensor-37
9/28/2022 18:36,19,2.37,0.0,0.0,0.0,0.0,1.72,0,Sensor-38
9/28/2022 18:37,19,2.21,0.0,1.97,0.0,1.77,0.0,0,Sensor-39
9/28/2022 18:37,20,0.0,0.0,2.1,0.82,0.0,0.38,0,Sensor-40
9/28/2022 18:38,20,1.19,0.46,1.81,0.9,0.96,0.0,0,Sensor-41
9/28/2022 18:38,20,1.69,2.08,1.23,0.0,0.0,0.48,0,Sensor-42
9/28/2022 18:39,19,0.0,2.34,0.27,1.23,0.0,0.0,0,Sensor-43
9/28/2022 18:39,19,2.18,2.16,0.0,0.73,0.0,0.0,0,Sensor-44
9/28/2022 18:40,19,1.22,1.9,0.8,0.0,0.81,0.0,0,Sensor-45
9/28/2022 18:40,20,0.0,2.5,0.0,0.0,0.0,0.0,0,Sensor-46
9/28/2022 18:41,19,0.41,0.57,0.8,0.0,0.0,2.19,0,Sensor-47
9/28/2022 18:41,19,2.41,0.18,0.0,0.0,0.0,0.0,0,Sensor-48
9/28/2022 18:42,19,0.0,0.0,1.16,1.1,0.0,2.17,0,Sensor-49
9/28/2022 18:42,20,0.0,0.25,0.0,0.0,0.0,0.0,0,Sensor-50
9/28/2022 18:43,20,0.0,0.0,0.0,0.0,1.7,0.15,0,Sensor-51
9/28/2022 18:43,19,0.39,0.0,0.0,0.44,0.0,0.52,0,Sensor-52
9/28/2022 18:44,20,1.73,2.05,0.0,1.09,0.0,0.0,0,Sensor-53
9/28/2022 18:44,20,1.91,0.0,0.0,1.48,0.65,0.0,0,Sensor-54
9/28/2022 18:45,20,0.0,0.48,0.0,2.07,1.75,0.8,0,Sensor-55
9/28/2022 18:45,19,1.65,0.0,2.3,0.96,0.44,0.0,0,Sensor-56
9/28/2022 18:46,20,0.0,2.02,0.0,0.25,1.46,1.8,0,Sensor-57
9/28/2022 18:46,19,0.0,0.0,1.52,2.25,0.04,0.68,0,Sensor-58
9/28/2022 18:47,20,0.0,1.59,1.6,1.59,0.0,0.0,0,Sensor-59
9/28/2022 18:47,19,0.74,0.0,0.0,0.0,0.0,0.21,0,Sensor-60
9/28/2022 18:48,19,1.05,1.92,0.0,0.0,0.0,0.0,0,Sensor-61
9/28/2022 18:48,20,1.66,0.47,0.0,0.0,0.0,1.48,0,Sensor-62
9/28/2022 18:49,19,1.35,0.0,1.01,0.0,1.62,0.0,0,Sensor-63
9/28/2022 18:49,20,0.0,0.0,0.0,0.0,0.17,0.0,0,Sensor-64
9/28/2022 18:50,19,0.0,1.18,0.36,0.58,0.17,0.0,0,Sensor-65
9/28/2022 18:50,19,1.94,0.13,0.0,0.0,0.0,0.0,0,Sensor-66
9/28/2022 18:51,20,0.46,1.89,0.11,1.7,2.42,0.0,0,Sensor-67
9/28/2022 18:51,19,1.92,2.12,0.0,0.0,1.99,0.81,0,Sensor-68
9/28/2022 18:52,20,1.33,2.27,0.0,0.0,1.6,1.9,0,Sensor-69
9/28/2022 18:52,19,0.0,0.0,0.64,0.0,0.97,0.0,0,Sensor-70
9/28/2022 18:53,20,0.0,0.64,0.41,0.0,1.49,0.0,0,Sensor-71
9/28/2022 18:53,20,0.0,0.0,2.28,0.0,1.69,2.4,0,Sensor-72
9/28/2022 18:54,20,0.0,1.29,0.64,0.0,0.0,0.0,0,Sensor-73
10/3/2022 19:00,25,28.38,0.02,1.44,0.0,0.0,0.41,367,Sensor-74
10/3/2022 19:01,25,29.57,0.0,0.0,0.74,2.27,0.0,365,Sensor-75
10/3/2022 19:01,25,30.28,0.0,0.0,0.17,0.52,0.96,365,Sensor-76
10/3/2022 19:02,26,28.67,0.0,0.0,0.0,0.0,2.5,366,Sensor-77
10/3/2022 19:02,25,27.43,2.3,0.0,0.87,1.46,0.23,365,Sensor-78
10/3/2022 19:03,25,27.44,0.94,0.0,0.0,1.71,0.0,366,Sensor-79
10/3/2022 19:03,25,29.48,0.07,0.0,0.42,0.0,0.0,366,Sensor-80
10/3/2022 19:04,25,28.04,0.0,0.55,2.42,1.2,0.0,365,Sensor-81
10/3/2022 19:04,26,28.86,0.0,0.7,0.36,0.0,1.84,365,Sensor-82
10/3/2022 19:05,25,27.69,1.03,0.0,0.0,1.65,1.17,365,Sensor-83
10/3/2022 17:08,422,28.76,0.08,0.0,0.0,1.15,2.5,365,Sensor-84
10/3/2022 17:08,421,26.22,0.0,1.38,0.0,0.0,2.12,365,Sensor-85
10/3/2022 17:09,421,27.23,0.62,2.28,0.0,0.0,0.0,365,Sensor-86
10/3/2022 17:09,422,27.52,0.19,2.22,1.33,0.0,0.0,364,Sensor-87
10/3/2022 17:10,421,30.1,2.14,0.0,1.16,0.0,0.0,365,Sensor-88
10/3/2022 17:10,421,29.66,2.28,0.0,0.0,0.0,0.0,365,Sensor-89
10/3/2022 17:11,421,27.18,1.19,0.0,1.61,1.22,0.54,1411,Sensor-90
10/3/2022 17:11,422,30.66,1.56,2.1,0.0,0.0,0.05,1410,Sensor-91
10/3/2022 17:12,422,29.94,0.0,0.79,0.38,1.65,0.0,1408,Sensor-92
10/3/2022 17:12,421,30.57,1.08,2.11,0.0,2.5,1.32,1411,Sensor-93
10/3/2022 17:13,422,27.64,1.05,0.0,0.0,0.0,1.29,1412,Sensor-94
10/3/2022 17:13,421,30.2,1.12,0.0,0.0,0.83,0.0,1412,Sensor-95
10/3/2022 17:14,422,26.24,0.64,0.0,0.22,0.0,2.82,1410,Sensor-96
10/3/2022 17:14,422,29.54,0.0,0.03,0.71,1.43,2.71,1413,Sensor-97
10/3/2022 17:15,422,27.07,0.0,0.35,0.0,0.0,0.63,1413,Sensor-98
10/3/2022 17:15,421,27.17,2.1,0.53,1.64,1.53,1.47,1413,Sensor-99
10/3/2022 17:16,421,29.58,0.0,1.8,0.87,1.28,2.96,1413,Sensor-100
10/3/2022 17:16,421,28.09,0.88,1.51,1.26,0.0,0.0,1411,Sensor-1
10/3/2022 17:17,421,28.47,0.1,2.26,2.12,1.77,0.0,1415,Sensor-2
10/3/2022 17:17,421,29.53,0.0,1.57,0.36,0.56,1.49,1410,Sensor-3
10/3/2022 17:18,421,26.71,2.42,0.0,0.0,0.0,0.0,1411,Sensor-4
10/3/2022 17:18,421,29.51,0.0,0.0,0.0,0.0,0.0,1414,Sensor-5
10/3/2022 17:19,422,30.74,0.74,0.0,0.15,0.0,0.0,1410,Sensor-6
10/3/2022 17:19,422,30.77,0.0,0.66,1.03,0.0,0.0,1409,Sensor-7
10/3/2022 17:20,422,28.06,0.0,0.0,1.62,1.25,1.13,1413,Sensor-8
10/3/2022 17:20,421,27.0,2.07,0.7,1.68,0.83,2.89,1411,Sensor-9
10/3/2022 17:21,421,30.74,0.0,0.0,0.68,0.0,2.35,1414,Sensor-10
10/3/2022 17:21,421,26.62,0.06,1.38,0.0,2.4,0.0,1411,Sensor-11
10/3/2022 17:22,421,30.39,1.5,0.11,0.0,0.0,1.83,1411,Sensor-12
10/3/2022 17:22,422,29.15,0.0,0.0,0.0,0.63,1.07,1410,Sensor-13
10/3/2022 17:23,421,26.05,1.01,0.0,0.0,2.05,0.14,1410,Sensor-14
10/3/2022 17:23,421,30.19,0.0,2.26,0.0,0.0,0.0,1415,Sensor-15
10/3/2022 17:24,421,30.82,0.0,0.1,0.0,0.0,2.16,1408,Sensor-16
10/3/2022 17:24,421,28.97,0.0,0.0,0.0,0.0,1.56,1408,Sensor-17
10/3/2022 17:25,421,27.12,1.25,1.9,0.0,0.0,0.0,1407,Sensor-18
10/3/2022 17:25,422,28.86,1.37,0.0,0.25,2.12,3.16,1413,Sensor-19
10/3/2022 17:26,421,28.19,0.0,0.0,1.22,1.64,0.0,1411,Sensor-20
10/3/2022 17:26,421,29.88,1.88,0.3,0.0,0.9,0.0,1413,Sensor-21
10/3/2022 17:31,84,26.87,0.0,1.05,0.0,0.0,1.11,1410,Sensor-22
10/3/2022 17:31,83,30.61,0.14,1.8,2.32,0.0,1.07,1412,Sensor-23
10/3/2022 17:32,83,27.37,1.86,0.0,0.0,0.0,2.2,1413,Sensor-24
10/3/2022 17:32,84,29.62,0.99,2.1,0.0,0.0,1.54,1411,Sensor-25
10/3/2022 17:33,84,26.37,1.32,1.12,2.41,1.97,0.0,1416,Sensor-26
10/3/2022 17:33,84,29.7,1.91,0.0,0.0,1.41,0.18,1413,Sensor-27
10/3/2022 17:34,83,29.71,1.17,1.25,0.0,0.0,0.21,1410,Sensor-28
10/3/2022 17:34,84,27.4,0.0,0.87,0.0,0.0,0.0,1412,Sensor-29
10/3/2022 17:35,84,26.28,0.0,0.03,1.11,0.0,0.0,1410,Sensor-30
10/3/2022 17:35,84,30.1,0.28,2.05,2.11,0.0,1.15,1412,Sensor-31
10/3/2022 17:36,84,29.0,1.25,0.0,0.73,0.0,0.0,1408,Sensor-32
10/3/2022 17:36,83,30.16,0.0,0.0,0.76,0.0,0.0,1412,Sensor-33
10/3/2022 17:37,83,30.89,1.46,0.38,0.0,0.31,0.0,1412,Sensor-34
10/3/2022 17:37,83,27.55,2.3,0.38,0.0,0.0,0.95,1410,Sensor-35
10/3/2022 17:38,83,29.65,0.0,0.1,1.41,0.0,0.41,1408,Sensor-36
10/3/2022 17:38,83,26.09,0.67,0.42,0.0,2.13,1.91,1411,Sensor-37
10/3/2022 17:39,84,26.45,0.0,0.92,0.43,0.0,1.57,1410,Sensor-38
10/3/2022 17:39,84,30.35,0.0,1.21,0.37,0.73,2.22,1410,Sensor-39
10/3/2022 17:40,83,29.03,1.47,0.0,0.48,0.22,1.91,1413,Sensor-40
10/3/2022 17:40,84,27.72,1.65,0.0,1.1,2.19,0.0,1410,Sensor-41
10/3/2022 17:41,83,27.43,2.16,1.26,1.85,0.86,1.79,1410,Sensor-42
10/3/2022 17:41,84,29.65,0.79,1.08,0.0,2.36,0.0,1412,Sensor-43
10/3/2022 17:42,83,26.89,0.67,0.0,0.87,0.0,2.92,1410,Sensor-44
10/3/2022 17:42,83,28.62,0.0,0.0,1.91,1.83,0.0,1410,Sensor-45
10/3/2022 17:43,83,29.77,0.0,2.1,1.25,0.35,0.0,1412,Sensor-46
10/3/2022 17:43,83,26.28,0.0,0.0,0.0,2.13,0.67,1410,Sensor-47
10/3/2022 17:44,83,27.1,0.0,0.0,0.0,0.7,0.0,1413,Sensor-48
10/3/2022 17:44,83,29.92,0.0,1.96,0.0,0.0,0.0,1410,Sensor-49
10/3/2022 17:45,84,30.1,0.8,1.7,2.43,0.0,0.65,1413,Sensor-50
10/3/2022 17:45,83,28.07,0.0,0.0,2.36,2.33,0.0,1412,Sensor-51
10/3/2022 17:46,84,28.05,0.24,0.0,0.0,0.0,1.73,1411,Sensor-52
10/3/2022 17:46,83,26.07,1.93,1.2,1.9,0.0,0.71,1411,Sensor-53
10/3/2022 17:47,84,27.9,0.0,1.37,1.48,0.0,0.0,1410,Sensor-54
10/3/2022 17:47,84,30.87,0.0,1.8,0.0,0.0,0.0,1413,Sensor-55
10/3/2022 17:48,83,28.68,1.81,0.0,0.0,1.83,2.25,1411,Sensor-56
10/3/2022 17:48,83,29.57,0.98,0.0,0.0,0.0,0.0,1409,Sensor-57
10/3/2022 17:49,84,26.62,2.23,0.0,0.0,1.61,0.0,1409,Sensor-58
10/3/2022 17:49,84,29.57,0.0,1.56,0.0,1.35,0.0,1411,Sensor-59
10/3/2022 17:50,84,28.29,1.52,2.18,0.0,0.0,2.58,1410,Sensor-60
10/3/2022 17:50,83,27.13,0.44,0.0,0.0,0.0,2.02,1409,Sensor-61
10/3/2022 17:51,84,26.92,0.0,0.0,0.0,0.0,0.0,1409,Sensor-62
10/3/2022 17:51,84,27.59,0.0,0.2,0.0,1.94,2.08,1407,Sensor-63
10/3/2022 17:53,90,28.07,0.91,0.29,0.0,0.0,0.35,1407,Sensor-64
10/3/2022 17:53,91,28.23,0.0,1.05,0.32,0.0,1.75,1408,Sensor-65
10/3/2022 17:54,90,29.35,1.34,0.0,0.66,0.84,0.54,1411,Sensor-66
10/3/2022 17:54,91,30.15,0.98,1.8,0.0,0.0,0.01,1411,Sensor-67
10/3/2022 17:55,91,26.67,0.0,0.0,0.53,0.86,0.0,1412,Sensor-68
10/3/2022 17:55,91,30.49,0.37,1.91,0.0,2.28,0.98,1411,Sensor-69
10/3/2022 17:56,91,28.72,0.0,0.0,1.2,1.19,0.0,1410,Sensor-70
10/3/2022 17:56,91,26.44,0.0,0.78,0.0,0.0,0.0,1409,Sensor-71
10/3/2022 17:57,91,29.97,0.0,1.34,0.0,0.0,0.57,1412,Sensor-72
10/3/2022 18:02,120,28.95,2.28,0.0,0.04,0.0,2.7,1414,Sensor-73
10/3/2022 18:02,121,27.46,0.0,1.53,0.0,0.0,0.0,1413,Sensor-74
10/3/2022 18:03,120,26.2,0.0,0.0,0.0,0.0,0.0,1410,Sensor-75
10/3/2022 18:03,121,26.37,0.0,0.0,0.0,0.82,0.42,1413,Sensor-76
10/3/2022 18:04,120,27.56,0.0,0.39,0.0,0.0,1.45,1415,Sensor-77
10/3/2022 18:04,120,27.7,0.0,0.0,0.24,0.0,0.34,1412,Sensor-78
10/3/2022 18:05,120,28.85,1.64,0.0,0.0,0.0,0.0,1414,Sensor-79
10/3/2022 18:05,120,28.72,1.43,0.63,1.04,0.0,1.75,1412,Sensor-80
10/3/2022 18:06,120,27.79,0.9,0.0,1.65,1.6,1.0,1410,Sensor-81
10/3/2022 18:06,120,26.46,0.52,0.0,1.18,2.39,0.82,1408,Sensor-82
10/3/2022 18:07,120,29.9,0.0,0.0,2.43,0.0,2.64,1411,Sensor-83
10/3/2022 18:07,120,27.83,0.16,0.0,2.13,0.21,2.32,1409,Sensor-84
10/3/2022 18:08,120,27.32,0.78,0.79,0.0,0.0,2.66,1411,Sensor-85
10/3/2022 18:08,121,26.4,0.36,0.41,0.0,0.0,0.84,1409,Sensor-86
10/3/2022 18:09,120,28.18,0.0,2.5,2.01,0.0,0.0,1408,Sensor-87
10/3/2022 18:09,121,30.43,0.91,0.0,0.0,0.0,2.21,1410,Sensor-88
10/3/2022 18:10,121,26.59,0.0,0.0,0.83,0.0,0.06,1413,Sensor-89
10/3/2022 18:10,120,25.92,0.0,1.08,0.0,0.0,3.01,1413,Sensor-90
10/3/2022 18:11,120,28.82,2.31,0.0,0.0,0.12,0.0,1411,Sensor-91
10/3/2022 18:11,120,27.54,1.92,0.0,0.0,0.0,0.0,1413,Sensor-92
10/3/2022 18:12,120,28.09,0.83,0.0,0.0,0.0,0.0,1413,Sensor-93
10/3/2022 18:12,120,27.56,0.0,1.73,0.0,0.0,0.5,1409,Sensor-94
10/3/2022 18:13,120,28.69,0.0,0.14,1.37,0.0,0.0,1413,Sensor-95
10/3/2022 18:13,120,27.1,0.0,0.09,0.0,1.1,0.37,1409,Sensor-96
10/3/2022 18:14,120,30.83,0.0,2.25,0.43,0.33,0.0,1408,Sensor-97
10/3/2022 18:14,121,28.87,0.72,1.18,2.46,0.7,0.0,1409,Sensor-98
10/3/2022 18:15,120,26.04,0.15,0.11,1.86,0.0,2.61,1408,Sensor-99
10/3/2022 18:15,120,28.72,1.98,0.0,0.0,0.0,0.18,1412,Sensor-100
10/3/2022 18:16,120,26.25,2.13,1.32,0.82,1.17,0.48,1412,Sensor-1
10/3/2022 18:16,120,27.21,0.0,1.54,1.95,0.0,0.76,1411,Sensor-2
10/3/2022 18:17,120,30.45,2.31,0.0,2.47,0.16,0.52,1407,Sensor-3
10/3/2022 18:17,121,28.58,2.32,1.76,0.0,0.0,0.0,1408,Sensor-4
10/3/2022 18:18,120,29.38,0.0,0.04,0.0,0.39,0.0,1403,Sensor-5
10/3/2022 18:18,120,29.72,0.89,0.55,2.04,0.41,0.0,1405,Sensor-6
10/3/2022 18:19,120,27.48,0.95,0.0,0.73,0.0,2.5,1406,Sensor-7
10/3/2022 18:19,121,26.11,0.0,0.0,0.0,1.84,0.0,1405,Sensor-8
10/3/2022 18:20,121,27.25,0.0,1.87,1.0,1.33,2.85,1406,Sensor-9
10/3/2022 18:20,120,28.34,0.04,0.0,0.0,0.0,0.0,1404,Sensor-10
10/3/2022 18:21,120,29.41,0.0,1.08,0.0,1.64,0.0,1406,Sensor-11
10/3/2022 18:21,120,28.04,0.0,0.3,0.0,0.0,2.42,1406,Sensor-12
10/3/2022 18:29,52,29.34,0.46,0.56,0.0,0.0,0.0,1406,Sensor-13
10/3/2022 18:29,53,29.8,0.0,2.27,0.56,0.0,3.11,1410,Sensor-14
10/3/2022 18:30,52,28.9,0.66,0.0,1.2,0.0,3.17,1412,Sensor-15
10/3/2022 18:30,52,26.37,1.32,0.0,1.88,0.0,0.0,1409,Sensor-16
10/3/2022 18:31,53,27.99,0.0,0.0,0.0,1.15,1.16,1407,Sensor-17
10/3/2022 18:31,53,27.64,0.0,0.05,0.0,0.55,2.57,1406,Sensor-18
10/3/2022 18:32,53,26.12,1.52,1.86,0.0,1.75,1.07,1408,Sensor-19
10/3/2022 18:32,53,27.4,0.0,0.0,0.0,1.76,1.47,1409,Sensor-20
10/3/2022 18:33,53,27.8,0.29,1.82,1.76,0.0,2.85,1413,Sensor-21
10/3/2022 18:33,52,27.9,1.23,0.61,0.0,0.0,1.65,1404,Sensor-22
10/3/2022 18:34,53,27.85,0.0,0.0,2.26,1.78,0.42,1406,Sensor-23
10/3/2022 18:34,52,27.82,1.37,0.0,2.03,0.61,0.0,1412,Sensor-24
10/3/2022 18:35,52,29.74,0.3,2.22,0.0,1.99,3.0,1402,Sensor-25
10/3/2022 18:37,141,27.1,0.85,0.08,0.0,0.88,0.0,1407,Sensor-26
10/3/2022 18:38,141,28.57,2.19,0.79,0.0,0.0,0.0,1407,Sensor-27
10/3/2022 18:38,141,29.51,0.0,0.14,0.0,0.0,2.7,1408,Sensor-28
10/3/2022 18:39,140,28.4,0.0,0.0,0.0,1.93,0.18,1408,Sensor-29
10/3/2022 18:39,141,30.37,0.33,0.5,0.0,0.0,0.0,1406,Sensor-30
10/3/2022 18:40,141,27.92,1.15,0.0,0.0,0.47,1.06,1405,Sensor-31
10/3/2022 18:40,141,29.09,2.12,0.0,1.46,0.0,1.54,1408,Sensor-32
10/3/2022 18:41,141,26.16,0.0,1.94,0.08,0.93,0.0,1408,Sensor-33
10/3/2022 18:41,141,27.13,0.25,1.5,0.72,0.0,0.0,1406,Sensor-34
10/3/2022 18:42,141,28.59,1.7,0.0,0.0,0.15,0.74,1406,Sensor-35
10/3/2022 18:42,141,30.4,2.17,0.0,0.0,0.13,0.5,1409,Sensor-36
10/3/2022 18:43,141,26.06,0.0,0.0,0.0,2.17,1.48,1407,Sensor-37
10/3/2022 18:43,141,27.85,0.0,0.0,0.0,2.34,0.71,1406,Sensor-38
10/3/2022 18:44,141,26.57,0.97,0.0,1.77,0.0,0.0,1408,Sensor-39
10/3/2022 18:44,140,27.09,0.0,0.0,0.0,0.0,2.91,1407,Sensor-40
10/3/2022 18:45,140,28.84,0.0,0.85,0.0,1.59,0.0,1407,Sensor-41
10/3/2022 18:45,141,26.33,2.35,2.3,2.33,1.1,0.12,1408,Sensor-42
10/3/2022 18:46,141,29.9,0.76,0.0,0.8,0.0,0.0,1408,Sensor-43
10/3/2022 18:46,141,27.23,1.93,0.0,0.0,1.12,1.83,1406,Sensor-44
10/3/2022 18:47,141,28.02,0.0,1.58,2.1,0.0,0.85,1407,Sensor-45
10/3/2022 18:47,140,26.29,0.25,0.0,1.3,0.0,0.0,1408,Sensor-46
10/3/2022 18:48,141,30.97,0.0,0.32,0.0,0.0,1.84,1405,Sensor-47
10/3/2022 18:48,140,28.96,0.0,0.93,0.0,0.0,1.41,1407,Sensor-48
10/3/2022 18:49,141,26.56,0.0,1.9,2.09,0.27,0.99,1411,Sensor-49
10/3/2022 18:49,141,26.85,0.0,0.03,0.0,1.42,0.0,1406,Sensor-50
10/3/2022 18:50,141,26.87,1.15,0.0,1.69,0.0,0.0,1407,Sensor-51
10/3/2022 18:50,140,26.03,0.0,1.82,0.0,0.0,0.0,1407,Sensor-52
10/3/2022 18:51,141,27.92,0.0,0.0,0.05,1.68,0.18,1409,Sensor-53
10/3/2022 18:51,141,29.72,0.0,0.02,0.0,0.6,0.77,1411,Sensor-54
10/3/2022 18:52,141,28.19,0.0,0.0,0.0,0.0,0.0,1406,Sensor-55
10/3/2022 18:52,141,30.27,0.95,0.0,0.0,0.67,1.11,1404,Sensor-56
10/3/2022 18:53,140,27.85,0.0,0.0,0.92,0.37,0.0,1407,Sensor-57
10/3/2022 18:53,141,30.51,0.0,0.0,2.09,0.0,0.39,1408,Sensor-58
10/3/2022 18:54,141,30.5,1.19,0.0,2.47,1.71,0.38,1408,Sensor-59
10/3/2022 18:54,141,30.85,0.87,0.0,1.47,0.0,1.23,1407,Sensor-60
10/3/2022 18:55,141,26.2,0.0,0.0,2.19,1.21,0.0,1410,Sensor-61
10/3/2022 18:55,141,29.33,0.62,0.0,1.72,0.43,0.87,1410,Sensor-62
10/3/2022 18:56,141,30.39,1.71,0.0,2.37,0.0,0.0,1403,Sensor-63
10/3/2022 18:56,140,27.73,0.0,1.34,0.53,0.0,1.09,1410,Sensor-64
10/3/2022 18:57,141,27.63,0.0,0.0,2.06,2.31,0.0,1408,Sensor-65
10/3/2022 18:57,141,26.09,0.78,1.91,1.63,1.44,1.25,1407,Sensor-66
10/3/2022 18:58,140,26.68,0.22,1.85,1.06,1.23,0.0,1410,Sensor-67
10/3/2022 18:58,141,29.87,1.31,1.85,0.0,1.44,0.0,1410,Sensor-68
10/3/2022 18:59,141,29.37,2.3,0.0,2.12,0.0,0.49,1407,Sensor-69
10/3/2022 18:59,141,30.63,0.0,2.27,0.0,0.67,2.05,1409,Sensor-70
10/3/2022 19:00,141,28.47,0.0,2.37,0.0,1.33,3.05,1404,Sensor-71
10/3/2022 19:00,141,29.35,2.3,1.25,1.2,0.0,0.77,1409,Sensor-72
10/3/2022 19:01,141,30.57,0.09,2.13,0.78,0.0,1.86,1406,Sensor-73
10/3/2022 19:01,140,26.91,0.0,0.18,0.0,0.0,2.96,1406,Sensor-74
10/3/2022 19:02,141,28.73,2.29,2.12,0.0,0.0,0.0,1409,Sensor-75
10/3/2022 19:02,141,28.99,0.61,2.15,0.0,0.0,0.61,1407,Sensor-76
10/3/2022 19:03,141,29.61,1.1,0.0,0.0,1.58,1.87,1410,Sensor-77
10/3/2022 19:03,141,26.81,0.0,2.24,0.0,0.0,2.87,1410,Sensor-78
10/3/2022 19:04,141,28.8,0.0,1.16,0.57,1.67,0.0,1405,Sensor-79
10/3/2022 19:04,140,27.31,0.59,2.14,0.63,2.02,1.41,1407,Sensor-80
10/3/2022 19:05,141,30.09,0.03,0.0,0.0,1.63,0.0,1405,Sensor-81
10/3/2022 19:05,141,29.04,0.0,1.57,0.0,1.13,0.0,1406,Sensor-82
10/3/2022 19:06,141,29.01,2.07,0.0,0.0,1.62,2.67,1406,Sensor-83
10/3/2022 19:06,141,27.59,0.72,1.77,0.0,0.49,0.0,1407,Sensor-84
10/3/2022 19:07,141,26.35,1.71,0.0,2.46,0.0,3.17,1411,Sensor-85
10/3/2022 19:07,140,27.35,1.57,0.55,0.3,0.0,1.35,1410,Sensor-86
10/3/2022 19:08,141,30.02,1.36,2.33,2.0,0.0,1.36,1406,Sensor-87
10/3/2022 19:08,141,29.19,0.0,2.32,1.51,2.12,0.62,1406,Sensor-88
10/3/2022 19:09,141,29.67,0.0,0.0,0.0,0.0,2.82,1408,Sensor-89
10/3/2022 19:09,141,28.29,0.0,0.0,1.98,1.09,0.0,1404,Sensor-90
10/3/2022 19:10,141,28.88,2.31,1.4,1.71,0.0,2.98,1403,Sensor-91
10/3/2022 19:10,141,30.75,0.0,0.0,0.0,0.0,2.27,1409,Sensor-92
10/3/2022 19:11,141,27.4,1.96,2.28,1.14,1.19,0.0,1411,Sensor-93
10/3/2022 19:11,140,26.36,0.0,0.01,0.0,1.56,1.68,1409,Sensor-94
10/3/2022 19:12,140,28.62,0.0,1.71,0.02,0.0,0.0,1407,Sensor-95
10/3/2022 19:12,141,26.98,0.0,1.9,0.0,1.23,1.25,1407,Sensor-96
10/3/2022 19:13,141,28.88,0.0,0.0,0.16,0.41,2.05,1408,Sensor-97
10/3/2022 19:13,141,29.6,0.0,0.0,0.0,2.26,0.0,1406,Sensor-98
10/3/2022 19:14,141,29.07,0.0,0.0,1.48,2.07,0.17,1407,Sensor-99
10/3/2022 19:14,141,30.98,0.0,0.0,0.2,0.0,0.0,1406,Sensor-100
10/3/2022 19:15,141,26.27,0.0,0.32,1.04,0.0,1.06,1410,Sensor-1
10/3/2022 19:15,140,28.01,0.79,0.0,0.34,1.93,0.46,1406,Sensor-2
10/3/2022 19:16,141,29.63,0.5,0.0,0.0,0.0,0.42,1402,Sensor-3
10/3/2022 19:16,141,26.86,0.0,0.0,0.87,0.0,1.69,1408,Sensor-4
10/3/2022 19:17,141,28.78,0.73,0.0,0.0,0.0,0.0,1408,Sensor-5
10/3/2022 19:17,141,29.88,2.17,0.0,0.05,0.0,1.05,1406,Sensor-6
10/3/2022 19:18,141,26.85,0.0,0.0,0.0,0.0,0.37,1407,Sensor-7
10/3/2022 19:18,141,29.76,0.0,1.92,0.0,1.38,2.37,1408,Sensor-8
10/3/2022 19:19,141,26.28,0.0,1.75,0.0,0.0,2.72,1408,Sensor-9
10/3/2022 19:19,141,26.22,1.32,0.11,1.83,0.0,0.0,1407,Sensor-10
10/3/2022 19:20,141,29.08,0.0,0.0,2.14,0.0,2.53,1407,Sensor-11
10/3/2022 19:20,141,28.42,0.0,1.06,0.0,2.49,2.86,1407,Sensor-12
10/3/2022 19:21,141,30.1,0.0,1.97,0.35,0.0,2.27,1410,Sensor-13
10/3/2022 19:21,141,27.7,2.18,2.41,0.23,0.0,0.68,1404,Sensor-14
10/3/2022 19:22,141,30.79,0.0,0.0,0.95,0.0,1.86,1408,Sensor-15
10/3/2022 19:22,141,29.71,0.0,1.43,1.21,0.52,2.96,1408,Sensor-16
10/3/2022 19:23,140,30.3,1.06,0.44,0.0,0.0,2.85,1408,Sensor-17
10/3/2022 19:23,141,26.4,0.0,0.0,0.44,2.09,0.0,1407,Sensor-18
10/3/2022 19:24,141,26.1,0.0,0.89,0.0,0.69,0.11,1405,Sensor-19
10/3/2022 19:24,140,29.33,0.11,0.0,0.0,1.47,2.49,1407,Sensor-20
10/3/2022 19:25,141,30.57,0.58,0.0,0.18,0.13,0.0,1408,Sensor-21
10/3/2022 19:25,141,27.99,0.0,0.0,0.0,1.85,2.32,1407,Sensor-22
10/3/2022 19:26,141,29.59,0.0,0.0,2.47,0.0,0.64,1407,Sensor-23
10/3/2022 19:26,141,30.88,0.0,0.0,0.0,1.73,2.36,1406,Sensor-24
10/3/2022 19:27,141,27.62,0.02,1.2,0.87,1.88,3.15,1406,Sensor-25
10/3/2022 19:27,141,27.23,0.0,0.0,0.0,0.1,0.0,1411,Sensor-26
10/3/2022 19:28,141,26.02,0.12,2.2,0.0,0.33,1.17,1407,Sensor-27
10/3/2022 19:28,141,27.69,0.0,2.1,0.55,0.0,3.03,1409,Sensor-28
10/3/2022 19:29,141,27.33,0.05,0.0,0.0,0.0,1.96,1408,Sensor-29
10/3/2022 19:29,141,28.0,2.14,0.32,0.26,0.0,0.0,1404,Sensor-30
10/3/2022 19:30,141,27.76,2.08,1.53,0.0,1.9,0.6,1405,Sensor-31
10/3/2022 19:30,141,29.15,1.55,2.21,0.0,0.0,0.0,1408,Sensor-32
10/3/2022 19:31,141,30.49,1.24,0.68,0.85,2.37,0.0,1408,Sensor-33
10/3/2022 19:31,141,28.58,0.37,0.0,0.0,0.0,1.78,1407,Sensor-34
10/3/2022 19:32,141,30.21,0.72,1.84,0.0,2.39,0.0,1404,Sensor-35
10/3/2022 19:32,141,30.75,0.0,1.07,0.0,0.63,1.74,1405,Sensor-36
10/3/2022 19:33,140,27.82,0.0,0.0,0.56,0.0,2.23,1407,Sensor-37
10/3/2022 19:33,141,30.65,0.87,0.0,2.37,0.0,0.0,1405,Sensor-38
10/3/2022 19:34,141,30.38,0.0,0.0,0.9,0.0,2.9,1405,Sensor-39
10/3/2022 19:34,141,27.26,1.61,0.0,1.08,1.2,2.55,1406,Sensor-40
10/3/2022 19:35,141,29.24,0.0,0.0,0.0,0.74,0.0,1406,Sensor-41
10/3/2022 19:35,141,30.05,0.48,2.29,2.15,0.0,1.75,1408,Sensor-42
10/3/2022 19:36,140,28.55,1.87,0.35,1.05,1.27,0.14,1405,Sensor-43
10/3/2022 19:36,141,26.64,0.0,0.0,0.17,1.79,0.0,1410,Sensor-44
10/3/2022 19:37,141,30.41,1.29,0.94,0.0,0.0,2.26,1408,Sensor-45
10/3/2022 19:37,141,27.32,0.73,0.65,1.13,0.0,0.0,1403,Sensor-46
10/3/2022 19:38,141,27.79,1.33,0.0,1.68,0.0,2.87,1406,Sensor-47
10/3/2022 19:38,140,27.43,1.41,0.0,0.48,0.0,2.23,1404,Sensor-48
10/3/2022 19:39,141,30.55,0.0,0.0,1.11,0.0,0.0,1404,Sensor-49
10/3/2022 19:39,141,27.96,2.15,0.0,0.0,0.11,0.23,1406,Sensor-50
10/3/2022 19:40,141,30.68,0.0,0.0,0.0,2.13,0.87,1406,Sensor-51
10/3/2022 19:40,141,27.61,0.0,0.0,0.0,0.0,2.46,1407,Sensor-52
10/3/2022 19:41,140,28.21,1.89,0.0,1.47,2.16,1.7,1405,Sensor-53
10/3/2022 19:41,141,30.22,0.0,0.0,0.1,0.0,0.0,1406,Sensor-54
10/3/2022 19:42,140,27.13,0.61,0.47,1.83,0.0,0.16,1410,Sensor-55
10/3/2022 19:42,141,28.03,0.0,0.0,0.0,2.49,2.33,1407,Sensor-56
10/3/2022 19:43,141,27.93,0.71,0.0,2.06,1.11,1.38,1406,Sensor-57
10/3/2022 19:43,141,28.58,0.0,0.0,0.0,0.25,0.0,1408,Sensor-58
10/3/2022 19:44,141,28.51,1.41,0.0,0.0,2.45,0.0,1404,Sensor-59
10/3/2022 19:44,141,27.36,2.45,0.0,1.6,2.12,1.77,1408,Sensor-60
10/3/2022 19:45,140,27.26,0.0,0.0,0.0,0.0,0.39,1407,Sensor-61
10/3/2022 19:45,141,30.0,1.95,0.0,0.34,2.32,2.56,1405,Sensor-62
10/3/2022 19:46,140,25.97,2.32,1.6,1.45,2.1,0.09,1408,Sensor-63
10/3/2022 19:46,141,30.66,0.0,1.89,0.0,0.0,1.46,1410,Sensor-64
10/3/2022 19:47,141,29.22,0.0,0.0,0.0,0.7,0.0,1409,Sensor-65
10/3/2022 19:47,140,28.57,1.06,0.0,0.0,1.43,0.0,1407,Sensor-66
10/3/2022 19:48,140,27.42,0.0,0.0,0.39,1.78,0.1,1405,Sensor-67
10/3/2022 19:48,141,26.43,0.0,0.68,0.17,0.0,2.25,1404,Sensor-68
10/3/2022 19:49,141,30.67,0.0,0.52,0.38,0.0,1.87,1411,Sensor-69
10/3/2022 19:49,141,30.28,0.25,0.0,0.0,0.0,0.0,1405,Sensor-70
10/3/2022 19:50,141,28.14,0.0,0.0,1.89,0.0,1.06,1408,Sensor-71
10/3/2022 19:50,141,29.22,0.57,0.0,0.0,2.28,2.45,1407,Sensor-72
10/3/2022 19:51,141,29.51,0.0,2.08,1.8,0.0,2.6,1408,Sensor-73
10/3/2022 19:51,141,30.53,0.0,1.01,1.53,1.49,0.0,1408,Sensor-74
10/3/2022 19:52,141,29.18,0.0,0.0,0.0,1.56,0.24,1409,Sensor-75
10/3/2022 19:52,141,30.6,0.0,2.49,0.3,1.05,1.29,1410,Sensor-76
10/3/2022 19:53,141,27.34,0.0,0.0,2.39,0.0,2.41,1406,Sensor-77
10/3/2022 19:53,141,27.07,1.24,0.0,2.48,0.0,0.0,1408,Sensor-78
10/3/2022 19:54,140,29.16,0.0,0.0,0.0,0.0,2.92,1404,Sensor-79
10/3/2022 19:54,141,30.48,1.7,0.0,0.0,0.0,0.0,1408,Sensor-80
10/3/2022 19:55,141,30.53,0.0,0.0,0.0,1.43,1.01,1408,Sensor-81
10/3/2022 19:55,141,27.1,1.39,2.35,0.0,1.96,0.68,1406,Sensor-82
10/3/2022 19:56,140,28.68,0.0,0.0,2.21,0.0,1.15,1405,Sensor-83
10/3/2022 19:56,141,30.6,1.87,0.0,2.17,1.13,1.12,1406,Sensor-84
10/3/2022 19:57,141,28.39,0.0,0.0,0.85,1.92,0.0,1407,Sensor-85
10/3/2022 19:57,141,28.74,0.61,0.0,0.0,0.0,0.0,1406,Sensor-86
10/3/2022 19:58,141,28.75,1.9,0.0,0.09,0.0,1.31,1408,Sensor-87
10/3/2022 19:58,141,29.5,1.97,0.76,0.0,0.0,0.57,1406,Sensor-88
10/3/2022 19:59,141,26.6,1.01,0.0,0.0,2.11,0.96,1410,Sensor-89
10/3/2022 19:59,140,30.41,0.0,0.53,0.74,0.0,0.7,1407,Sensor-90
10/3/2022 20:00,141,27.87,0.0,0.77,0.0,2.14,0.0,1409,Sensor-91
10/3/2022 20:00,141,30.46,1.27,0.0,2.25,0.0,0.5,1408,Sensor-92
10/3/2022 20:01,141,27.87,2.21,1.53,0.37,0.95,0.85,1409,Sensor-93
10/3/2022 20:01,141,26.32,0.0,0.0,0.0,0.0,0.0,1408,Sensor-94
10/3/2022 20:02,141,26.11,0.05,0.0,1.57,0.64,0.0,1409,Sensor-95
10/3/2022 20:02,141,30.84,1.59,1.55,0.0,1.21,0.0,1405,Sensor-96
10/3/2022 20:03,141,29.88,2.25,1.6,0.0,1.06,2.93,1408,Sensor-97
10/3/2022 20:03,141,30.89,0.54,0.0,0.0,0.0,0.0,1407,Sensor-98
10/3/2022 20:04,140,26.03,0.0,0.6,2.23,0.0,3.09,1408,Sensor-99
10/3/2022 20:04,141,27.47,2.26,0.0,0.0,0.0,0.31,1404,Sensor-100
10/3/2022 20:05,141,27.28,1.24,0.0,1.64,0.48,1.48,1409,Sensor-1
10/3/2022 20:05,141,28.16,1.59,0.0,1.61,0.0,0.0,1408,Sensor-2
10/3/2022 20:06,141,29.12,2.24,0.8,0.0,0.14,0.0,1412,Sensor-3
10/3/2022 20:06,141,30.7,1.4,0.0,0.0,0.0,0.0,1410,Sensor-4
10/3/2022 20:07,141,26.78,0.0,0.0,0.0,1.8,3.14,1408,Sensor-5
10/3/2022 20:07,141,26.3,0.0,0.0,0.0,0.0,2.28,1404,Sensor-6
10/3/2022 20:08,141,30.63,0.2,0.0,0.0,1.92,0.95,1408,Sensor-7
10/3/2022 20:08,141,27.73,0.0,1.65,1.26,0.0,2.36,1412,Sensor-8
10/3/2022 20:09,141,26.43,1.27,0.05,1.51,0.0,2.57,1407,Sensor-9
10/3/2022 20:09,141,30.51,0.44,1.07,2.4,0.0,0.0,1407,Sensor-10
10/3/2022 20:10,141,29.75,0.0,0.0,0.78,1.79,0.24,1407,Sensor-11
10/6/2022 17:11,58,26.65,1.58,0.36,0.75,0.0,1.24,1418,Sensor-12
10/8/2022 16:23,72,27.77,0.0,0.0,1.85,1.57,2.71,1465,Sensor-13
10/8/2022 16:23,72,30.74,0.0,0.0,0.0,1.62,0.96,1465,Sensor-14
10/8/2022 16:24,72,28.74,0.83,0.0,0.0,0.0,1.25,1461,Sensor-15
10/8/2022 16:24,72,31.6,1.52,0.17,2.18,0.0,0.0,1464,Sensor-16
10/8/2022 16:25,72,29.24,0.0,0.0,1.0,0.0,1.98,1463,Sensor-17
10/8/2022 16:25,72,30.2,0.0,1.71,0.0,0.0,2.09,1459,Sensor-18
10/8/2022 16:26,73,28.33,1.6,0.0,0.0,0.0,0.73,1462,Sensor-19
10/8/2022 16:26,72,28.21,0.0,1.14,0.93,1.87,0.0,1467,Sensor-20
10/8/2022 16:27,73,27.36,2.2,0.0,0.0,0.58,0.0,1466,Sensor-21
10/8/2022 16:27,72,30.84,0.28,0.0,2.01,2.23,3.22,1463,Sensor-22
10/8/2022 16:28,73,30.53,1.3,0.0,2.4,0.0,0.0,1469,Sensor-23
10/8/2022 16:28,73,29.46,0.15,1.77,1.53,2.36,0.0,1466,Sensor-24
10/8/2022 16:29,73,29.61,0.0,1.88,0.74,2.29,0.0,1461,Sensor-25
10/8/2022 16:29,73,27.6,0.4,0.0,0.0,2.26,0.97,1464,Sensor-26
10/8/2022 16:30,73,31.08,0.91,1.05,0.87,0.0,1.33,1463,Sensor-27
10/8/2022 16:30,73,30.81,0.0,2.33,0.0,0.0,1.63,1460,Sensor-28
10/8/2022 16:31,73,29.79,0.0,0.0,0.05,0.0,1.93,1462,Sensor-29
10/8/2022 16:31,72,27.29,1.82,0.72,2.12,0.69,2.59,1460,Sensor-30
10/8/2022 16:32,72,29.67,1.93,0.0,0.0,0.0,2.85,1465,Sensor-31
10/8/2022 16:32,72,30.91,0.0,0.0,0.0,0.0,0.97,1463,Sensor-32
10/8/2022 16:33,73,31.37,0.0,0.0,2.12,0.0,2.31,1463,Sensor-33
10/8/2022 16:33,72,27.72,0.0,0.0,0.0,0.0,2.67,1464,Sensor-34
10/8/2022 16:34,72,30.67,0.0,1.33,1.63,2.47,0.0,1465,Sensor-35
10/8/2022 16:34,73,30.95,0.0,1.54,1.71,0.0,2.55,1463,Sensor-36
10/8/2022 16:35,72,27.52,1.41,0.0,2.3,0.0,2.55,1464,Sensor-37
10/8/2022 16:35,72,27.32,1.93,0.0,0.15,0.0,0.84,1463,Sensor-38
10/8/2022 16:36,72,29.09,0.0,1.47,0.01,1.86,0.78,1466,Sensor-39
10/8/2022 16:36,72,29.25,1.64,0.0,0.0,0.03,0.0,1460,Sensor-40
10/8/2022 16:37,73,29.88,1.52,0.74,0.51,0.0,1.35,1464,Sensor-41
10/8/2022 16:37,72,28.86,0.0,1.78,1.42,0.23,0.08,1463,Sensor-42
10/8/2022 16:38,73,29.08,0.0,0.0,0.0,1.14,0.0,1465,Sensor-43
10/8/2022 16:38,72,31.58,0.0,0.0,0.4,0.0,0.43,1463,Sensor-44
10/8/2022 16:39,72,29.07,0.95,0.0,0.0,0.0,1.9,1464,Sensor-45
10/8/2022 16:39,72,31.19,0.0,0.78,1.26,1.81,0.0,1465,Sensor-46
10/8/2022 16:40,73,28.59,2.11,0.17,1.88,2.45,1.98,1463,Sensor-47
10/8/2022 16:40,73,31.49,2.23,1.33,0.0,1.28,1.36,1462,Sensor-48
10/8/2022 16:41,73,29.2,0.0,0.0,0.0,0.63,1.4,1467,Sensor-49
10/8/2022 16:41,72,29.74,1.15,0.0,1.07,0.0,3.05,1465,Sensor-50
10/8/2022 16:42,73,29.58,0.67,1.29,0.21,0.98,1.08,1464,Sensor-51
10/8/2022 16:42,72,31.89,0.0,0.5,0.0,0.0,0.0,1467,Sensor-52
10/8/2022 16:43,72,30.43,0.0,0.31,1.61,0.57,0.0,1465,Sensor-53
10/8/2022 16:43,72,27.55,2.24,0.0,0.46,0.26,0.0,1469,Sensor-54
10/8/2022 16:44,73,28.01,0.0,0.28,0.91,0.0,0.0,1464,Sensor-55
10/8/2022 16:44,72,31.46,0.46,0.0,2.43,1.31,1.43,1463,Sensor-56
10/8/2022 16:45,72,28.8,1.48,0.0,0.0,0.0,1.14,1468,Sensor-57
10/8/2022 16:45,73,30.6,0.14,0.66,0.0,0.0,0.0,1467,Sensor-58
10/8/2022 16:46,72,30.15,0.0,0.96,0.0,1.07,0.0,1465,Sensor-59
10/8/2022 16:46,73,27.59,0.21,2.32,0.75,2.08,2.42,1465,Sensor-60
10/8/2022 16:47,73,27.59,0.0,0.0,0.35,0.59,0.0,1465,Sensor-61
10/8/2022 16:47,72,31.41,0.0,2.3,0.0,0.4,1.46,1465,Sensor-62
10/8/2022 16:48,73,28.84,0.0,0.0,0.0,2.4,0.19,1468,Sensor-63
10/8/2022 16:48,73,30.14,0.0,1.57,0.82,1.47,0.74,1465,Sensor-64
10/8/2022 16:49,72,30.9,0.0,1.56,0.0,0.0,0.99,1467,Sensor-65
10/8/2022 16:49,73,31.17,0.0,0.0,0.0,0.0,0.0,1466,Sensor-66
10/8/2022 16:50,73,30.08,0.0,1.64,0.94,0.0,1.54,1466,Sensor-67
10/8/2022 16:50,72,29.41,0.88,0.14,0.0,0.81,2.99,1465,Sensor-68
10/8/2022 16:51,73,27.97,0.19,1.68,0.7,1.43,2.71,1464,Sensor-69
10/8/2022 16:51,72,30.78,2.44,1.37,0.0,0.0,0.18,1470,Sensor-70
10/8/2022 16:52,72,30.46,0.99,0.24,0.0,0.0,2.03,1467,Sensor-71
10/8/2022 16:52,72,31.04,0.0,0.0,0.0,0.0,0.0,1469,Sensor-72
10/8/2022 16:53,72,30.79,1.96,0.0,0.0,0.85,2.68,1464,Sensor-73
10/8/2022 16:53,73,29.83,0.27,0.0,0.0,0.23,1.09,1465,Sensor-74
10/8/2022 16:54,73,28.12,0.0,0.0,0.89,2.44,1.23,1465,Sensor-75
10/8/2022 16:54,72,31.27,1.0,0.0,1.5,0.47,1.11,1464,Sensor-76
10/8/2022 16:55,72,28.49,1.76,0.0,1.1,1.4,2.04,1462,Sensor-77
10/8/2022 16:55,72,32.14,0.0,0.06,0.67,0.0,0.82,1462,Sensor-78
10/8/2022 16:56,72,30.75,1.29,1.59,0.0,0.0,0.77,1467,Sensor-79
10/8/2022 16:56,73,29.8,0.0,0.52,0.0,0.0,3.09,1462,Sensor-80
10/8/2022 16:57,73,30.4,0.0,2.07,0.9,0.32,0.0,1466,Sensor-81
10/8/2022 16:57,72,31.67,0.0,0.0,0.36,0.0,1.71,1461,Sensor-82
10/8/2022 16:58,72,27.45,1.29,0.83,0.0,1.82,1.15,1464,Sensor-83
10/8/2022 16:58,72,31.08,0.65,0.33,0.66,1.16,0.0,1461,Sensor-84
10/8/2022 16:59,72,30.58,1.54,0.0,0.46,0.0,0.0,1465,Sensor-85
10/8/2022 16:59,73,30.8,1.65,0.0,0.0,0.0,2.44,1464,Sensor-86
10/8/2022 17:00,72,30.84,1.25,1.17,1.11,0.0,0.0,1465,Sensor-87
10/8/2022 17:00,73,27.59,0.0,0.19,0.0,0.77,0.0,1468,Sensor-88
10/8/2022 17:01,73,27.58,0.0,1.95,0.0,0.0,0.93,1465,Sensor-89
10/8/2022 17:01,72,27.46,0.0,2.26,1.25,1.56,0.0,1466,Sensor-90
10/8/2022 17:02,73,28.59,0.0,1.57,0.77,0.0,1.79,1468,Sensor-91
10/8/2022 17:02,73,30.72,0.0,0.0,2.25,0.0,0.0,1466,Sensor-92
10/8/2022 17:03,73,27.29,1.29,0.0,2.16,1.88,2.04,1467,Sensor-93
10/8/2022 17:03,73,27.37,0.0,1.59,0.0,1.09,0.26,1463,Sensor-94
10/8/2022 17:04,72,28.08,1.81,0.67,0.31,1.4,1.91,1466,Sensor-95
10/8/2022 17:04,72,29.71,1.02,0.0,0.48,0.0,0.0,1465,Sensor-96
10/8/2022 17:05,73,29.52,2.05,0.96,0.0,0.0,1.2,1463,Sensor-97
10/8/2022 17:05,73,30.88,0.0,0.0,1.86,0.0,3.12,1465,Sensor-98
10/8/2022 17:06,73,27.35,0.0,0.0,0.0,0.36,0.98,1464,Sensor-99
10/8/2022 17:06,73,30.19,0.33,0.0,0.0,0.0,0.0,1463,Sensor-100
10/8/2022 17:07,72,29.67,0.0,2.41,0.0,1.21,0.47,1465,Sensor-1
10/8/2022 17:07,73,27.67,1.07,0.0,0.0,0.64,1.61,1463,Sensor-2
10/8/2022 17:08,73,31.74,0.73,0.81,0.0,1.84,1.31,1467,Sensor-3
10/8/2022 17:08,72,31.63,0.0,0.73,0.0,0.0,1.21,1462,Sensor-4
10/8/2022 17:09,72,29.55,0.0,0.0,0.97,0.0,3.04,1468,Sensor-5
10/8/2022 17:09,72,30.95,1.21,0.0,0.0,0.0,0.98,1467,Sensor-6
10/8/2022 17:10,73,30.64,1.47,1.65,0.0,0.0,1.8,1464,Sensor-7
10/8/2022 17:10,73,28.09,1.37,0.0,0.0,0.0,0.0,1464,Sensor-8
10/8/2022 17:11,72,27.29,0.19,0.0,2.12,0.22,1.73,1465,Sensor-9
10/8/2022 17:11,72,29.84,0.56,0.46,0.22,0.0,2.97,1466,Sensor-10
10/8/2022 17:12,72,28.57,1.16,1.45,0.94,0.0,0.35,1465,Sensor-11
10/8/2022 17:12,72,28.33,0.24,0.62,0.95,1.48,1.68,1464,Sensor-12
10/8/2022 17:13,72,30.46,0.0,0.0,0.0,0.45,2.86,1468,Sensor-13
10/8/2022 17:13,72,30.19,0.76,1.65,0.06,2.42,3.01,1465,Sensor-14
10/8/2022 17:14,73,28.03,0.0,0.0,0.0,0.0,0.45,1466,Sensor-15
10/8/2022 17:14,73,29.46,1.34,2.13,0.33,2.01,0.0,1462,Sensor-16
10/8/2022 17:15,72,31.2,2.25,0.0,0.1,2.35,0.0,1467,Sensor-17
10/8/2022 17:15,72,31.31,0.0,1.8,1.43,0.0,1.17,1463,Sensor-18
10/8/2022 17:16,72,27.2,2.36,0.0,1.58,0.0,0.0,1466,Sensor-19
10/8/2022 17:16,73,31.48,2.42,0.0,1.98,2.31,0.0,1464,Sensor-20
10/8/2022 17:17,72,31.27,0.43,0.0,1.51,0.0,0.0,1467,Sensor-21
10/8/2022 17:17,73,29.7,1.09,2.44,0.0,0.0,0.65,1464,Sensor-22
10/8/2022 17:18,72,27.88,0.0,0.0,0.32,0.0,0.0,1466,Sensor-23
10/8/2022 17:18,73,27.76,0.56,2.01,0.88,0.0,1.42,1463,Sensor-24
10/8/2022 17:19,73,30.64,2.22,0.86,0.0,1.52,2.24,1464,Sensor-25
10/8/2022 17:19,72,27.9,2.02,1.68,0.0,2.06,0.0,1465,Sensor-26
10/8/2022 17:20,72,29.66,0.0,2.15,1.99,0.98,1.92,1465,Sensor-27
10/8/2022 17:20,73,31.63,1.55,0.0,0.0,0.0,1.44,1465,Sensor-28
10/8/2022 17:21,72,32.12,0.0,1.08,0.96,0.0,0.0,1467,Sensor-29
10/8/2022 17:21,72,31.97,1.2,1.68,1.23,0.0,0.8,1466,Sensor-30
10/8/2022 17:22,73,30.83,2.08,1.04,1.65,2.05,0.27,1466,Sensor-31
10/8/2022 17:22,72,30.1,1.71,0.97,0.25,0.0,0.0,1465,Sensor-32
10/8/2022 17:23,73,30.73,1.52,1.69,0.46,0.0,0.0,1466,Sensor-33
10/8/2022 17:23,72,31.76,2.2,0.0,0.0,1.99,0.0,1467,Sensor-34
10/8/2022 17:24,72,29.52,0.0,0.51,0.0,2.34,0.0,1462,Sensor-35
10/8/2022 17:24,73,31.65,0.34,1.53,0.0,1.18,0.0,1464,Sensor-36
10/8/2022 17:25,72,31.67,0.0,0.0,1.72,0.91,0.0,1466,Sensor-37
10/8/2022 17:25,73,27.84,1.39,0.0,0.0,0.4,0.0,1463,Sensor-38
10/8/2022 17:26,73,28.86,2.07,0.0,0.44,0.01,2.65,1464,Sensor-39
10/8/2022 17:26,72,28.78,0.0,0.0,0.0,0.0,0.16,1465,Sensor-40
10/8/2022 17:27,72,30.78,2.42,0.0,0.7,0.0,2.59,1467,Sensor-41
10/8/2022 17:27,72,31.3,0.0,0.0,0.0,1.87,0.0,1464,Sensor-42
10/8/2022 17:28,72,30.1,1.36,1.29,0.0,1.75,2.37,1465,Sensor-43
10/8/2022 17:28,72,31.73,0.0,0.0,0.0,1.52,0.45,1466,Sensor-44
10/8/2022 17:29,73,30.24,0.17,2.42,1.72,0.03,2.79,1464,Sensor-45
10/8/2022 17:29,73,27.61,1.19,0.63,0.0,0.0,0.22,1465,Sensor-46
10/8/2022 17:30,73,27.88,0.0,0.0,0.87,0.86,0.0,1466,Sensor-47
10/8/2022 17:30,73,28.42,0.85,0.51,0.0,0.0,1.98,1464,Sensor-48
10/8/2022 17:31,72,27.8,1.09,0.22,0.39,0.69,2.47,1466,Sensor-49
10/8/2022 17:31,72,28.09,2.42,0.0,1.1,1.73,0.16,1466,Sensor-50
10/8/2022 17:32,73,30.41,2.01,0.93,1.61,2.32,1.29,1465,Sensor-51
10/8/2022 17:32,73,30.59,0.0,0.0,1.85,0.0,2.19,1466,Sensor-52
10/8/2022 17:33,72,28.22,0.31,0.0,0.57,2.32,2.17,1467,Sensor-53
10/8/2022 17:33,72,28.78,0.0,0.0,0.0,0.0,0.43,1461,Sensor-54
10/8/2022 17:34,72,31.62,0.4,0.0,0.84,0.0,0.0,1468,Sensor-55
10/8/2022 17:34,72,30.75,0.0,0.0,2.21,2.4,0.0,1467,Sensor-56
10/8/2022 17:35,72,28.96,0.32,0.23,0.0,0.0,3.13,1465,Sensor-57
10/8/2022 17:35,72,29.83,1.38,0.0,0.93,0.0,1.41,1462,Sensor-58
10/8/2022 17:36,72,31.69,0.65,0.0,0.13,0.0,1.99,1466,Sensor-59
10/8/2022 17:36,73,28.56,0.0,0.0,1.73,0.0,0.07,1466,Sensor-60
10/8/2022 17:37,73,28.54,0.0,1.53,2.41,1.65,0.0,1464,Sensor-61
10/8/2022 17:37,73,30.36,0.0,0.0,0.0,0.76,3.06,1464,Sensor-62
10/8/2022 17:38,72,31.13,2.24,0.0,0.0,0.0,0.0,1468,Sensor-63
10/8/2022 17:38,72,31.19,2.39,0.0,1.09,1.08,0.0,1464,Sensor-64
10/8/2022 17:39,73,27.96,0.0,0.31,2.02,0.0,0.0,1462,Sensor-65
10/8/2022 17:39,73,29.23,1.76,1.9,0.0,0.0,0.0,1463,Sensor-66
10/8/2022 17:40,73,28.98,2.06,0.0,1.72,0.67,0.0,1466,Sensor-67
10/8/2022 17:40,72,27.22,0.0,0.11,0.97,0.5,0.59,1466,Sensor-68
10/8/2022 17:41,72,27.68,0.0,2.32,0.0,0.88,0.69,1465,Sensor-69
10/8/2022 17:41,72,28.92,2.36,0.0,2.09,1.8,0.2,1467,Sensor-70
10/8/2022 17:42,72,29.03,0.0,0.0,0.0,0.0,0.0,1464,Sensor-71
10/8/2022 17:42,73,29.06,0.0,0.54,0.0,0.0,0.0,1467,Sensor-72
10/8/2022 17:43,72,31.05,0.0,0.0,0.35,0.0,2.46,1464,Sensor-73
10/8/2022 17:43,73,27.57,1.52,0.0,0.94,0.0,2.3,1465,Sensor-74
10/8/2022 17:44,72,29.76,0.01,1.79,0.55,0.0,0.0,1465,Sensor-75
10/8/2022 17:44,72,31.78,2.02,1.45,0.0,1.03,3.07,1465,Sensor-76
10/8/2022 17:45,72,27.96,0.23,2.45,1.61,1.17,0.77,1467,Sensor-77
10/8/2022 17:45,73,27.35,0.0,0.0,0.0,0.0,0.0,1467,Sensor-78
10/8/2022 17:46,72,31.89,1.55,1.85,0.29,0.11,0.0,1465,Sensor-79
10/8/2022 17:46,72,30.77,0.0,0.0,0.61,2.33,0.0,1462,Sensor-80
10/8/2022 17:47,73,27.35,0.0,0.0,2.33,2.49,0.0,1465,Sensor-81
10/8/2022 17:47,72,28.65,0.0,1.21,0.0,0.0,0.68,1465,Sensor-82
10/8/2022 17:48,72,28.23,0.47,0.0,1.38,1.63,0.0,1463,Sensor-83
10/8/2022 17:48,72,28.97,0.0,0.0,0.4,0.0,1.46,1467,Sensor-84
10/8/2022 17:49,72,28.72,0.0,0.0,1.84,0.0,2.72,1465,Sensor-85
10/8/2022 17:49,72,31.24,0.9,0.0,1.07,0.92,0.0,1465,Sensor-86
10/8/2022 17:50,73,28.45,0.05,0.0,0.0,0.0,0.0,1463,Sensor-87
10/8/2022 17:50,72,27.98,0.0,0.0,2.42,1.51,2.68,1464,Sensor-88
10/8/2022 17:51,72,28.54,0.0,0.26,1.1,0.0,0.0,1463,Sensor-89
10/8/2022 17:51,72,31.69,0.0,0.0,0.0,0.0,0.0,1467,Sensor-90
10/8/2022 17:52,72,30.58,0.17,0.94,0.0,1.92,0.0,1464,Sensor-91
10/8/2022 17:52,72,28.59,0.0,0.0,0.0,0.0,0.0,1463,Sensor-92
10/8/2022 17:53,72,28.92,0.0,0.24,0.0,0.0,0.0,1466,Sensor-93
10/8/2022 17:53,72,28.07,0.0,0.0,0.58,1.04,0.0,1466,Sensor-94
10/8/2022 17:54,73,30.61,0.04,0.0,0.77,0.0,1.03,1467,Sensor-95
10/8/2022 17:54,72,31.04,2.13,0.0,0.3,1.06,0.14,1464,Sensor-96
10/8/2022 17:55,73,27.38,1.81,0.0,0.0,0.5,2.84,1464,Sensor-97
10/8/2022 17:55,72,31.37,0.0,1.12,1.31,0.0,0.0,1466,Sensor-98
10/8/2022 17:56,72,31.32,1.92,0.0,0.0,2.21,0.0,1468,Sensor-99
10/8/2022 17:56,73,31.76,0.0,0.0,1.37,2.18,2.15,1464,Sensor-100
10/8/2022 17:57,72,27.37,2.35,0.24,0.0,0.23,1.72,1465,Sensor-1
10/8/2022 17:57,72,28.77,0.0,0.0,0.0,2.24,2.62,1465,Sensor-2
10/8/2022 17:58,72,29.46,0.0,0.0,2.1,0.24,1.37,1466,Sensor-3
10/8/2022 17:58,72,30.82,0.0,1.47,1.86,0.0,0.0,1464,Sensor-4
10/8/2022 17:59,73,32.08,0.0,0.0,2.41,0.43,0.0,1465,Sensor-5
10/8/2022 17:59,72,31.24,0.32,0.0,0.0,0.25,1.0,1466,Sensor-6
10/8/2022 18:00,73,31.17,2.16,1.46,0.0,1.71,2.44,1464,Sensor-7
10/8/2022 18:00,73,29.49,1.86,2.13,2.15,0.0,0.06,1465,Sensor-8
10/8/2022 18:01,73,30.37,0.0,0.57,1.35,0.0,0.0,1467,Sensor-9
10/8/2022 18:01,72,29.02,0.0,0.0,0.42,0.0,0.0,1465,Sensor-10
10/8/2022 18:02,72,31.17,1.94,1.8,0.0,2.31,0.38,1469,Sensor-11
10/8/2022 18:02,73,29.22,0.6,0.0,1.36,0.0,2.31,1464,Sensor-12
10/8/2022 18:03,72,29.64,0.0,0.78,2.33,0.0,3.18,1468,Sensor-13
10/8/2022 18:03,73,30.81,0.0,0.62,0.51,0.0,3.11,1467,Sensor-14
10/8/2022 18:04,72,29.59,0.0,1.42,0.0,1.44,0.0,1469,Sensor-15
10/8/2022 18:04,73,29.67,0.76,0.0,0.18,0.0,3.0,1462,Sensor-16
10/8/2022 18:05,72,28.82,1.82,0.0,1.83,0.0,1.96,1466,Sensor-17
10/8/2022 18:05,72,29.21,0.0,0.0,0.0,1.72,0.33,1464,Sensor-18
10/8/2022 18:06,73,31.6,0.99,0.0,0.0,0.0,0.71,1464,Sensor-19
10/8/2022 18:06,72,30.92,0.0,0.0,0.48,1.22,0.0,1466,Sensor-20
10/8/2022 18:07,73,28.21,0.0,0.0,1.11,0.0,1.88,1467,Sensor-21
10/8/2022 18:07,73,28.49,2.12,0.0,0.0,0.0,0.0,1464,Sensor-22
10/8/2022 18:08,73,30.89,1.0,1.0,1.3,0.0,2.51,1464,Sensor-23
10/8/2022 18:08,72,30.95,0.0,0.73,1.26,0.0,3.18,1466,Sensor-24
10/8/2022 18:09,72,30.24,0.0,0.0,0.98,0.0,0.0,1467,Sensor-25
10/8/2022 18:09,72,27.36,0.0,0.24,0.38,0.21,2.36,1465,Sensor-26
10/8/2022 18:10,72,27.84,0.0,1.88,0.38,1.73,1.59,1469,Sensor-27
10/8/2022 18:10,73,31.34,0.96,0.0,1.62,1.32,1.99,1463,Sensor-28
10/8/2022 18:11,73,30.05,2.0,0.0,0.0,0.0,0.0,1467,Sensor-29
10/8/2022 18:11,72,31.85,0.39,0.0,1.44,0.0,2.54,1464,Sensor-30
10/8/2022 18:12,72,30.81,0.0,2.16,1.34,0.0,0.0,1467,Sensor-31
10/8/2022 18:12,72,27.67,0.0,0.0,1.2,0.0,2.23,1466,Sensor-32
10/8/2022 18:13,73,28.09,0.0,0.0,0.0,2.43,1.64,1467,Sensor-33
10/8/2022 18:13,72,27.58,1.87,0.0,0.0,1.31,1.22,1464,Sensor-34
10/8/2022 18:14,72,29.46,0.0,0.64,0.0,2.04,0.0,1467,Sensor-35
10/8/2022 18:14,72,27.71,0.0,1.14,0.0,0.54,0.71,1467,Sensor-36
10/8/2022 18:15,73,27.22,2.35,0.0,0.0,0.94,0.0,1465,Sensor-37
10/8/2022 18:15,72,30.46,0.0,0.0,1.28,0.28,0.62,1467,Sensor-38
10/8/2022 18:16,73,30.19,0.0,0.0,0.0,0.16,2.07,1469,Sensor-39
10/8/2022 18:16,72,27.36,0.0,0.0,0.0,0.56,2.32,1464,Sensor-40
10/8/2022 18:17,73,28.37,1.44,0.0,0.0,0.0,0.0,1467,Sensor-41
10/8/2022 18:17,73,28.99,0.37,1.92,0.0,2.38,1.19,1466,Sensor-42
10/8/2022 18:18,73,30.57,0.74,1.89,2.38,2.25,0.0,1464,Sensor-43
10/8/2022 18:18,73,29.02,1.16,1.3,1.51,0.0,0.0,1465,Sensor-44
10/8/2022 18:19,72,31.94,1.62,0.0,0.0,0.0,0.0,1465,Sensor-45
10/8/2022 18:19,73,31.33,0.0,1.06,0.0,0.85,0.0,1467,Sensor-46
10/8/2022 18:20,73,32.12,0.0,1.94,0.55,1.15,0.87,1466,Sensor-47
10/8/2022 18:20,72,27.87,0.0,0.0,0.0,0.57,0.0,1466,Sensor-48
10/8/2022 18:21,72,28.58,0.0,0.0,0.0,2.5,1.77,1466,Sensor-49
10/8/2022 18:21,73,31.96,0.91,0.74,0.0,0.27,0.1,1467,Sensor-50
10/8/2022 18:22,72,32.01,0.0,0.0,0.0,0.0,2.87,1465,Sensor-51
10/8/2022 18:22,72,29.0,1.83,0.0,0.0,2.23,2.79,1466,Sensor-52
10/8/2022 18:23,73,31.89,0.0,0.19,0.0,1.24,1.04,1467,Sensor-53
10/8/2022 18:23,72,28.01,0.87,0.0,0.0,0.0,0.0,1464,Sensor-54
10/8/2022 18:24,72,30.14,0.0,1.42,0.0,0.28,0.0,1466,Sensor-55
10/8/2022 18:24,72,27.51,0.0,1.87,0.0,0.0,0.54,1468,Sensor-56
10/8/2022 18:25,72,29.72,0.0,0.11,0.0,0.0,0.0,1464,Sensor-57
10/8/2022 18:25,73,28.93,0.0,1.98,0.92,0.05,0.0,1462,Sensor-58
10/8/2022 18:26,72,31.06,0.0,0.0,0.0,0.0,2.53,1464,Sensor-59
10/8/2022 18:26,73,31.2,0.0,0.0,0.0,2.26,0.0,1466,Sensor-60
10/8/2022 18:27,73,28.81,0.7,0.0,0.0,0.0,1.65,1466,Sensor-61
10/8/2022 18:27,72,27.64,1.96,0.0,1.16,0.0,0.38,1465,Sensor-62
10/8/2022 18:28,72,29.58,0.53,1.08,0.74,0.0,1.15,1467,Sensor-63
10/8/2022 18:28,73,29.08,2.16,0.0,0.0,0.0,1.43,1467,Sensor-64
10/8/2022 18:29,72,31.17,0.0,0.23,0.0,0.17,0.0,1466,Sensor-65
10/8/2022 18:29,73,30.71,1.47,0.0,1.96,1.96,0.67,1468,Sensor-66
10/8/2022 18:30,73,29.51,0.0,0.0,1.0,0.0,0.0,1466,Sensor-67
10/8/2022 18:30,73,29.39,0.98,0.0,2.07,1.41,0.0,1464,Sensor-68
10/8/2022 18:31,72,27.6,0.0,2.23,1.55,0.0,0.0,1467,Sensor-69
10/8/2022 18:31,73,28.99,1.73,0.0,0.0,0.0,1.19,1464,Sensor-70
10/8/2022 18:32,72,30.81,0.0,0.0,0.0,0.0,2.61,1468,Sensor-71
10/8/2022 18:32,73,29.34,0.0,1.18,0.0,0.56,1.65,1466,Sensor-72
10/8/2022 18:33,73,31.98,0.0,0.79,1.91,0.0,0.0,1468,Sensor-73
10/8/2022 18:33,72,28.89,0.0,0.08,0.0,0.03,0.0,1466,Sensor-74
10/8/2022 18:34,72,31.41,0.0,0.0,0.0,0.0,1.16,1465,Sensor-75
10/8/2022 18:34,73,27.59,0.0,0.0,0.22,1.18,1.36,1465,Sensor-76
10/8/2022 18:35,73,27.98,0.0,2.44,0.0,1.09,1.7,1465,Sensor-77
10/8/2022 18:35,72,31.62,1.16,0.0,1.36,1.95,3.08,1464,Sensor-78
10/8/2022 18:36,72,32.11,1.12,0.0,0.0,0.0,0.0,1468,Sensor-79
10/8/2022 18:36,72,29.17,1.19,2.26,0.16,0.12,1.87,1464,Sensor-80
10/8/2022 18:37,73,29.56,2.42,0.0,0.0,0.26,0.52,1465,Sensor-81
10/8/2022 18:37,72,31.03,0.0,0.0,2.3,2.19,2.32,1464,Sensor-82
10/8/2022 18:38,73,30.34,0.0,0.0,0.88,0.0,2.84,1468,Sensor-83
10/8/2022 18:38,72,32.11,2.46,0.0,0.0,1.15,0.72,1465,Sensor-84
10/8/2022 18:39,73,28.65,0.0,0.0,0.0,0.0,1.16,1466,Sensor-85
10/8/2022 18:39,72,27.84,0.0,0.0,0.0,1.17,0.0,1469,Sensor-86
10/8/2022 18:40,72,30.95,1.61,1.25,2.31,0.0,0.84,1466,Sensor-87
10/8/2022 18:40,72,28.78,0.0,0.72,0.0,0.2,1.69,1466,Sensor-88
10/8/2022 18:41,72,30.36,1.47,0.0,2.03,1.51,0.0,1465,Sensor-89
10/8/2022 18:41,72,30.67,0.5,0.0,2.11,2.36,2.06,1466,Sensor-90
10/8/2022 18:42,73,27.51,1.76,0.82,1.76,1.23,2.87,1465,Sensor-91
10/8/2022 18:42,72,27.35,0.0,0.0,0.23,0.0,0.0,1466,Sensor-92
10/8/2022 18:43,72,31.91,0.62,1.74,0.09,2.09,3.14,1466,Sensor-93
10/8/2022 18:43,72,30.2,0.11,0.0,0.33,0.0,3.19,1466,Sensor-94
10/8/2022 18:44,72,30.17,2.49,2.31,0.19,0.0,1.97,1466,Sensor-95
10/8/2022 18:44,72,29.0,1.74,2.3,0.0,0.0,1.28,1465,Sensor-96
10/8/2022 18:45,72,31.67,1.78,0.0,1.87,1.65,1.13,1465,Sensor-97
10/8/2022 18:45,72,31.13,0.0,1.25,0.0,0.0,1.89,1466,Sensor-98
10/8/2022 18:46,73,30.69,0.56,1.13,1.87,0.0,0.0,1467,Sensor-99
10/8/2022 18:46,73,27.23,1.37,0.17,0.0,0.0,0.16,1468,Sensor-100
10/8/2022 18:47,73,30.43,0.0,0.0,1.17,0.0,0.0,1467,Sensor-1
10/8/2022 18:47,73,29.18,0.04,1.2,0.0,0.94,0.0,1467,Sensor-2
10/8/2022 18:48,72,27.76,0.0,0.0,0.0,0.0,1.3,1466,Sensor-3
10/8/2022 18:48,72,30.4,0.34,0.0,1.43,2.11,1.87,1465,Sensor-4
10/8/2022 18:49,73,31.62,0.0,1.36,0.0,0.0,0.0,1466,Sensor-5
10/8/2022 18:49,72,31.95,1.17,0.0,0.01,0.0,0.95,1468,Sensor-6
10/8/2022 18:50,72,28.02,0.0,0.0,1.54,2.5,0.0,1466,Sensor-7
10/8/2022 18:50,72,28.43,0.17,0.0,0.0,0.0,0.17,1469,Sensor-8
10/8/2022 18:51,73,30.76,2.11,1.0,0.0,1.48,0.96,1464,Sensor-9
10/8/2022 18:51,72,27.54,0.0,0.83,0.0,0.0,0.0,1468,Sensor-10
10/8/2022 18:52,72,28.36,1.72,0.0,0.53,0.0,1.83,1466,Sensor-11
10/8/2022 18:52,73,28.5,0.0,0.05,0.0,1.8,0.0,1468,Sensor-12
10/8/2022 18:53,73,27.79,0.0,1.7,0.31,0.0,0.0,1469,Sensor-13
10/8/2022 18:53,72,27.74,0.47,2.0,0.5,0.0,1.04,1467,Sensor-14
10/8/2022 18:54,72,30.78,0.0,1.83,0.0,0.0,2.0,1468,Sensor-15
10/8/2022 18:54,72,29.08,0.6,0.0,0.0,0.0,1.59,1464,Sensor-16
10/8/2022 18:55,73,27.3,0.09,0.68,2.11,0.0,2.95,1467,Sensor-17
10/8/2022 18:55,72,30.46,0.0,1.85,0.0,0.32,2.59,1467,Sensor-18
10/8/2022 18:56,72,31.8,0.0,0.0,0.87,0.0,0.0,1468,Sensor-19
10/8/2022 18:56,72,30.58,0.0,0.0,0.0,0.65,0.0,1466,Sensor-20
10/8/2022 18:57,72,29.41,2.47,0.0,0.0,1.59,0.0,1464,Sensor-21
10/8/2022 18:57,73,29.47,0.0,0.0,0.0,1.09,1.46,1467,Sensor-22
10/8/2022 18:58,73,31.55,0.72,2.26,1.89,1.41,2.94,1468,Sensor-23
10/8/2022 18:58,72,27.43,0.18,0.0,0.0,0.0,0.0,1466,Sensor-24
10/8/2022 18:59,72,28.3,0.0,0.26,0.0,0.0,0.0,1466,Sensor-25
10/8/2022 18:59,72,30.63,0.27,0.94,2.09,1.61,0.0,1468,Sensor-26
10/8/2022 19:00,72,28.04,2.41,2.29,0.0,0.0,3.09,1466,Sensor-27
10/8/2022 19:00,73,29.08,0.82,0.0,0.0,0.81,0.91,1466,Sensor-28
10/8/2022 19:01,72,27.84,1.76,0.0,2.43,0.71,0.0,1468,Sensor-29
10/8/2022 19:01,73,27.96,0.71,1.03,2.02,0.28,0.83,1465,Sensor-30
10/8/2022 19:02,72,30.76,2.08,0.0,0.9,0.0,0.88,1468,Sensor-31
10/8/2022 19:02,72,28.38,0.0,0.0,0.0,0.0,1.26,1470,Sensor-32
10/8/2022 19:03,72,31.63,0.0,0.0,1.17,0.0,0.0,1466,Sensor-33
10/8/2022 19:03,73,28.32,0.0,0.68,0.19,2.35,3.11,1467,Sensor-34
10/8/2022 19:04,72,29.6,0.0,0.0,0.0,0.0,0.18,1467,Sensor-35
10/8/2022 19:04,73,31.02,2.3,0.0,0.0,0.0,0.0,1467,Sensor-36
10/8/2022 19:05,73,28.94,0.0,0.95,0.23,0.0,0.0,1468,Sensor-37
10/8/2022 19:05,72,29.66,0.0,0.0,1.76,0.0,0.0,1469,Sensor-38
10/8/2022 19:06,73,30.27,0.3,1.2,0.0,2.15,2.88,1469,Sensor-39
10/8/2022 19:06,73,30.41,2.15,0.65,1.13,2.45,0.0,1466,Sensor-40
10/8/2022 19:07,72,30.44,1.47,0.0,0.0,0.0,2.42,1471,Sensor-41
10/8/2022 19:07,72,31.77,0.0,1.09,2.07,0.16,0.0,1469,Sensor-42
10/8/2022 19:08,72,27.59,1.43,0.0,0.0,0.16,1.38,1467,Sensor-43
10/8/2022 19:08,72,28.09,0.0,2.16,2.1,0.36,2.57,1467,Sensor-44
10/8/2022 19:09,72,28.12,0.0,1.49,1.28,0.0,0.0,1468,Sensor-45
10/8/2022 19:09,73,28.72,1.25,0.0,0.44,0.0,0.36,1468,Sensor-46
10/8/2022 19:10,72,31.88,0.0,0.0,0.0,2.32,0.0,1467,Sensor-47
10/8/2022 19:10,72,28.8,0.0,0.0,0.0,0.0,1.18,1467,Sensor-48
10/8/2022 19:11,72,30.97,1.11,0.0,0.0,0.0,2.35,1470,Sensor-49
10/8/2022 19:11,73,32.09,1.84,0.0,1.9,0.0,0.0,1466,Sensor-50
10/8/2022 19:12,73,27.71,0.0,0.0,0.53,0.0,0.46,1466,Sensor-51
10/8/2022 19:12,73,27.65,1.48,0.06,2.24,0.23,0.0,1470,Sensor-52
10/8/2022 19:13,73,29.24,0.0,1.58,0.5,0.74,2.5,1468,Sensor-53
10/8/2022 19:13,72,28.08,0.0,1.24,1.73,0.68,0.0,1468,Sensor-54
10/8/2022 19:14,72,29.1,0.41,0.0,0.0,0.0,2.4,1468,Sensor-55
10/8/2022 19:14,73,30.97,0.38,0.38,0.9,0.0,0.07,1465,Sensor-56
10/8/2022 19:15,72,27.8,0.0,0.0,0.0,0.0,3.15,1467,Sensor-57
10/8/2022 19:15,72,29.23,1.83,0.0,0.0,0.0,1.09,1468,Sensor-58
10/8/2022 19:16,73,31.99,2.07,2.23,1.22,0.6,0.89,1468,Sensor-59
10/8/2022 19:16,72,28.07,0.0,0.0,2.02,0.0,0.0,1466,Sensor-60
10/8/2022 19:17,73,31.47,0.0,2.4,0.0,2.47,2.26,1467,Sensor-61
10/8/2022 19:17,72,27.52,1.54,0.0,1.11,0.7,2.35,1466,Sensor-62
10/8/2022 19:18,72,30.95,2.17,0.0,2.32,0.0,0.96,1467,Sensor-63
10/8/2022 19:18,73,30.64,0.36,1.92,0.0,0.0,0.46,1470,Sensor-64
10/8/2022 19:19,73,31.23,0.0,0.0,0.0,2.08,0.0,1467,Sensor-65
10/8/2022 19:19,73,29.33,0.0,0.27,0.0,0.0,0.64,1468,Sensor-66
10/8/2022 19:20,72,29.66,2.09,1.14,0.0,0.0,0.38,1468,Sensor-67
10/8/2022 19:20,73,29.48,0.0,0.52,0.82,0.0,0.0,1468,Sensor-68
10/8/2022 19:21,72,31.93,0.0,0.0,1.8,2.15,2.68,1469,Sensor-69
10/8/2022 19:21,72,28.44,2.04,1.67,1.06,1.26,2.31,1465,Sensor-70
10/8/2022 19:22,72,27.61,1.6,0.38,1.91,2.5,1.51,1469,Sensor-71
10/8/2022 19:22,72,30.0,2.46,0.0,0.0,0.0,0.6,1469,Sensor-72
10/8/2022 19:23,73,28.87,2.13,1.63,0.0,0.8,0.0,1471,Sensor-73
10/8/2022 19:23,72,27.96,1.55,0.0,0.9,0.3,0.0,1470,Sensor-74
10/8/2022 19:24,72,28.65,0.0,1.85,0.0,0.0,1.14,1468,Sensor-75
10/8/2022 19:24,73,29.08,0.0,0.0,0.0,0.0,0.0,1468,Sensor-76
10/8/2022 19:25,72,28.19,0.44,2.15,1.45,0.84,0.0,1472,Sensor-77
10/8/2022 19:25,72,30.52,0.0,0.36,1.7,0.2,2.01,1471,Sensor-78
10/8/2022 19:26,72,31.21,0.57,1.6,1.33,0.0,0.0,1474,Sensor-79
10/8/2022 19:26,72,30.9,0.0,1.61,0.0,1.21,1.02,1472,Sensor-80
10/8/2022 19:27,73,31.38,0.0,0.0,2.23,1.19,1.42,1471,Sensor-81
10/8/2022 19:27,73,29.57,0.0,1.96,2.17,0.6,0.0,1475,Sensor-82
10/8/2022 19:28,73,30.15,0.0,0.0,0.0,0.58,3.08,1471,Sensor-83
10/8/2022 19:28,72,31.94,0.0,0.0,1.87,0.0,0.0,1471,Sensor-84
10/8/2022 19:29,72,28.08,0.0,2.16,1.6,0.0,2.28,1474,Sensor-85
10/8/2022 19:29,72,31.66,1.98,1.39,0.0,2.35,0.16,1473,Sensor-86
10/8/2022 19:30,73,31.73,0.0,2.39,0.0,1.16,0.66,1475,Sensor-87
10/8/2022 19:30,72,29.51,0.0,2.24,0.0,0.0,1.12,1473,Sensor-88
10/8/2022 19:31,73,29.93,0.0,0.0,0.0,0.0,0.0,1473,Sensor-89
10/8/2022 19:31,73,30.52,0.6,2.13,0.51,1.58,0.0,1472,Sensor-90
10/8/2022 19:32,73,31.63,0.0,0.67,0.0,2.29,3.2,1471,Sensor-91
10/8/2022 19:32,72,31.87,0.5,1.0,0.0,0.11,1.76,1475,Sensor-92
10/8/2022 19:33,72,28.58,1.61,0.0,0.0,2.26,0.0,1469,Sensor-93
10/8/2022 19:33,72,32.2,0.0,0.16,1.51,0.0,0.0,1474,Sensor-94
10/8/2022 19:34,73,30.95,0.0,2.41,0.0,2.41,1.77,1471,Sensor-95
10/8/2022 19:34,72,27.43,2.22,0.55,0.0,0.58,2.63,1471,Sensor-96
10/8/2022 19:35,73,30.08,0.0,1.23,0.59,0.0,1.79,1472,Sensor-97
10/8/2022 19:35,73,27.57,0.0,0.0,1.31,2.03,2.82,1470,Sensor-98
10/8/2022 19:36,72,29.86,0.0,1.46,0.0,2.46,0.0,1470,Sensor-99
10/8/2022 19:36,72,30.87,2.06,1.7,0.0,1.37,1.61,1472,Sensor-100
10/8/2022 19:37,72,31.15,0.0,1.79,0.61,0.08,0.0,1472,Sensor-1
10/8/2022 19:37,72,28.69,0.0,0.0,1.59,0.0,0.0,1465,Sensor-2
10/8/2022 19:38,72,27.46,0.0,0.0,0.0,1.52,1.63,1467,Sensor-3
10/8/2022 19:38,72,29.94,1.01,0.57,0.0,0.0,0.0,1468,Sensor-4
10/8/2022 19:39,73,30.58,0.55,1.01,1.16,0.0,2.48,1467,Sensor-5
10/8/2022 19:39,73,30.54,2.33,1.75,0.0,1.33,0.0,1470,Sensor-6
10/8/2022 19:40,73,30.84,2.03,0.0,0.0,1.5,0.0,1466,Sensor-7
10/8/2022 19:40,73,29.13,0.0,1.96,0.0,1.31,0.96,1465,Sensor-8
10/8/2022 19:41,72,29.13,0.0,0.0,2.32,0.0,0.45,1470,Sensor-9
10/8/2022 19:41,73,29.6,0.0,0.0,0.0,0.0,2.04,1468,Sensor-10
10/8/2022 19:42,72,29.63,0.0,2.49,0.0,1.7,0.0,1467,Sensor-11
10/8/2022 19:42,72,27.69,0.81,0.0,0.0,0.7,2.14,1466,Sensor-12
10/8/2022 19:43,72,32.16,0.0,0.0,0.0,0.95,1.11,1467,Sensor-13
10/8/2022 19:43,72,27.62,2.22,1.12,1.93,0.3,2.44,1467,Sensor-14
10/8/2022 19:44,73,31.39,0.0,2.39,0.0,0.0,0.47,1463,Sensor-15
10/8/2022 19:44,72,27.57,0.83,0.0,0.95,0.0,0.0,1467,Sensor-16
10/8/2022 19:45,72,30.68,1.76,0.0,0.0,1.8,2.08,1463,Sensor-17
10/8/2022 19:45,73,29.04,0.0,1.8,2.43,1.99,2.48,1466,Sensor-18
10/8/2022 19:46,72,29.3,0.0,0.0,1.66,0.0,0.0,1462,Sensor-19
10/8/2022 19:46,72,29.58,0.0,1.93,0.0,0.0,0.0,1460,Sensor-20
10/8/2022 19:47,73,28.36,0.0,1.45,1.25,0.0,2.94,1465,Sensor-21
10/8/2022 19:47,72,31.41,0.0,1.59,0.0,2.39,0.0,1464,Sensor-22
10/8/2022 19:48,72,29.07,1.91,0.0,1.05,0.0,2.04,1461,Sensor-23
10/8/2022 19:48,72,32.18,0.0,2.43,0.0,1.86,1.18,1463,Sensor-24
10/8/2022 19:49,73,31.41,0.0,2.04,1.57,1.17,1.23,1464,Sensor-25
10/8/2022 19:49,72,30.86,0.0,0.73,0.0,1.87,0.0,1463,Sensor-26
10/8/2022 19:50,72,28.04,0.0,0.0,0.0,1.56,0.0,1465,Sensor-27
10/8/2022 19:50,72,27.53,1.01,0.0,0.0,2.17,1.15,1462,Sensor-28
10/8/2022 19:51,73,28.62,0.0,0.1,0.66,1.17,0.0,1466,Sensor-29
10/8/2022 19:51,72,29.74,1.05,1.65,0.0,1.79,0.21,1461,Sensor-30
10/8/2022 19:52,73,30.97,0.0,0.78,0.0,0.0,2.19,1462,Sensor-31
10/8/2022 19:52,73,30.04,0.0,1.79,0.0,1.42,0.0,1466,Sensor-32
10/8/2022 19:53,73,29.89,0.0,0.71,0.47,1.21,0.0,1464,Sensor-33
10/8/2022 19:53,73,30.94,1.59,0.0,0.0,0.0,0.0,1461,Sensor-34
10/8/2022 19:54,72,30.48,2.3,0.0,0.0,2.3,0.66,1463,Sensor-35
10/8/2022 19:54,72,28.3,0.0,0.0,2.29,1.74,0.0,1464,Sensor-36
10/9/2022 11:26,39,29.37,0.61,0.0,0.0,0.0,0.0,1451,Sensor-37
10/9/2022 11:27,39,29.43,1.73,0.0,0.0,0.0,1.61,1446,Sensor-38
10/9/2022 11:27,38,27.93,0.0,0.0,0.64,2.21,0.44,1446,Sensor-39
10/9/2022 11:28,39,30.79,0.0,2.32,1.06,2.34,3.0,1447,Sensor-40
10/9/2022 11:28,39,31.78,0.32,0.0,0.0,0.0,0.31,1447,Sensor-41
10/9/2022 11:29,39,31.61,0.0,0.0,0.0,2.45,0.0,1444,Sensor-42
10/9/2022 11:29,39,32.2,1.41,2.13,1.57,0.0,0.0,1442,Sensor-43
10/9/2022 11:30,39,28.94,1.07,1.1,0.0,0.0,1.12,1447,Sensor-44
10/9/2022 11:30,39,29.68,0.0,0.16,2.11,0.0,1.64,1447,Sensor-45
10/9/2022 11:31,38,27.27,1.61,2.27,0.0,0.0,0.0,1449,Sensor-46
10/9/2022 11:31,38,28.11,0.0,0.0,0.0,2.44,3.02,1449,Sensor-47
10/9/2022 11:32,38,27.84,2.23,0.0,2.14,0.0,1.52,1447,Sensor-48
10/9/2022 11:32,39,29.0,0.0,0.98,0.4,1.01,0.01,1448,Sensor-49
10/9/2022 11:33,38,30.71,0.51,1.51,0.22,2.03,1.49,1447,Sensor-50
10/9/2022 11:33,38,28.42,0.77,0.0,0.0,0.0,1.0,1445,Sensor-51
10/9/2022 11:34,38,31.76,0.0,0.0,0.0,0.0,0.4,1448,Sensor-52
10/9/2022 11:34,39,31.4,0.56,2.28,1.63,0.0,0.28,1443,Sensor-53
10/9/2022 11:35,39,29.49,0.63,1.36,0.33,1.21,0.0,1449,Sensor-54
10/9/2022 11:35,38,31.96,0.0,0.0,0.0,2.45,0.94,1449,Sensor-55
10/9/2022 11:36,38,31.31,1.47,2.49,0.0,0.0,0.0,1444,Sensor-56
10/9/2022 11:36,39,28.09,0.7,0.0,0.0,0.0,0.0,1446,Sensor-57
10/9/2022 11:37,38,28.04,1.3,0.36,0.63,0.0,1.27,1449,Sensor-58
10/9/2022 11:37,39,28.76,0.78,0.0,0.0,0.36,0.74,1448,Sensor-59
10/9/2022 11:38,39,27.95,0.0,0.0,0.0,0.18,0.0,1448,Sensor-60
10/9/2022 11:38,39,30.22,2.14,0.0,0.0,0.0,0.94,1445,Sensor-61
10/9/2022 11:39,39,28.74,1.53,0.25,1.37,0.0,0.09,1447,Sensor-62
10/9/2022 11:39,39,27.55,0.0,1.93,0.0,0.88,1.72,1445,Sensor-63
10/9/2022 11:40,38,31.32,0.0,1.04,0.0,0.0,2.28,1449,Sensor-64
10/9/2022 11:40,39,31.13,0.0,1.57,0.0,2.48,1.77,1443,Sensor-65
10/9/2022 11:41,38,31.0,2.2,0.53,0.0,1.29,0.0,1452,Sensor-66
10/9/2022 11:41,39,29.36,0.0,1.73,0.0,1.19,0.0,1447,Sensor-67
10/9/2022 11:42,38,27.27,1.15,1.75,1.8,0.0,2.52,1449,Sensor-68
10/9/2022 11:42,38,27.75,0.02,0.0,0.0,0.0,0.0,1447,Sensor-69
10/9/2022 11:43,39,31.98,0.0,0.0,0.74,0.0,0.0,1448,Sensor-70
10/9/2022 11:43,38,28.16,0.3,0.0,2.3,1.14,0.05,1448,Sensor-71
10/9/2022 11:44,39,28.38,1.68,0.0,1.76,0.0,0.04,1447,Sensor-72
10/9/2022 11:44,39,27.74,1.54,1.58,0.46,0.0,0.33,1445,Sensor-73
10/9/2022 11:45,39,27.78,1.89,2.23,2.44,0.0,0.0,1445,Sensor-74
10/9/2022 11:45,39,29.78,0.0,0.48,0.0,1.26,1.89,1449,Sensor-75
10/9/2022 11:46,39,29.44,1.74,0.11,0.0,0.0,1.31,1449,Sensor-76
10/9/2022 11:46,38,29.63,0.26,0.61,0.0,0.0,1.04,1446,Sensor-77
10/9/2022 11:47,39,28.84,0.0,1.93,0.0,0.56,2.71,1447,Sensor-78
10/9/2022 11:47,39,31.84,0.85,0.0,0.0,0.27,1.41,1448,Sensor-79
10/9/2022 11:48,38,31.92,2.48,2.14,2.43,1.83,0.0,1446,Sensor-80
10/9/2022 11:48,38,31.6,1.3,0.0,0.0,0.0,1.56,1452,Sensor-81
10/9/2022 11:49,38,30.65,0.0,0.03,2.25,0.0,2.69,1449,Sensor-82
10/9/2022 11:49,39,29.69,2.08,1.09,1.78,1.36,2.78,1448,Sensor-83
10/9/2022 11:50,39,29.62,1.07,0.0,0.05,0.58,0.0,1448,Sensor-84
10/9/2022 11:50,39,31.99,0.0,0.05,0.47,0.44,0.0,1449,Sensor-85
10/9/2022 11:51,39,27.35,0.44,0.08,0.0,0.0,1.62,1448,Sensor-86
10/9/2022 11:51,38,31.16,0.39,0.0,0.0,0.0,3.07,1451,Sensor-87
10/9/2022 11:52,38,28.93,1.85,0.1,0.0,0.82,0.68,1446,Sensor-88
10/9/2022 11:52,39,28.95,0.0,2.34,0.0,0.0,0.0,1449,Sensor-89
10/9/2022 11:53,39,29.71,0.0,2.26,0.0,0.27,3.04,1448,Sensor-90
10/9/2022 11:53,39,27.3,0.0,0.0,0.09,0.17,0.0,1447,Sensor-91
10/9/2022 11:54,39,30.85,1.91,1.43,0.0,1.93,0.48,1450,Sensor-92
10/9/2022 11:54,39,29.34,0.34,0.0,1.98,1.4,0.0,1448,Sensor-93
10/9/2022 11:55,39,29.94,0.0,1.71,1.39,0.28,0.0,1448,Sensor-94
10/9/2022 11:55,38,28.05,1.54,0.16,0.0,0.0,1.26,1445,Sensor-95
10/9/2022 11:56,39,28.49,1.41,0.0,0.0,0.0,0.0,1450,Sensor-96
10/9/2022 11:56,38,31.97,1.46,0.0,0.39,0.4,0.0,1448,Sensor-97
10/9/2022 11:57,39,28.16,0.0,1.84,0.31,2.06,1.98,1447,Sensor-98
10/9/2022 11:57,39,31.9,0.0,0.41,0.0,1.6,0.0,1447,Sensor-99
10/9/2022 11:58,38,29.97,0.0,0.52,1.1,0.0,0.55,1445,Sensor-100
