SensorID,Temp,Salinity,PH,NH4,DO,CA,Timestamp
Sensor-1,38.12,0.84,5.00,79.23,13.90,14.52,2025-06-02 18:53:06
Sensor-2,21.33,0.34,7.52,1.70,10.62,4.07,2025-06-02 18:34:00
Sensor-3,28.67,0.25,6.97,7.58,5.19,5.88,2025-06-02 14:41:23
Sensor-4,15.78,1.84,9.17,73.73,10.38,4.90,2025-06-02 09:40:53
Sensor-5,28.54,0.17,7.61,31.66,9.24,4.22,2025-06-02 23:59:18
Sensor-6,28.64,0.29,6.94,32.80,9.05,5.78,2025-06-02 09:39:17
Sensor-7,24.20,0.96,6.24,72.55,9.07,12.76,2025-06-02 12:32:54
Sensor-8,20.96,0.09,7.10,43.21,5.78,7.50,2025-06-02 20:31:01
Sensor-9,27.27,0.22,8.24,31.66,9.68,6.58,2025-06-02 15:57:18
Sensor-10,30.88,1.18,6.00,90.03,0.89,14.60,2025-06-02 12:06:33
Sensor-11,22.87,1.92,3.29,65.38,2.42,12.74,2025-06-03 09:08:47
Sensor-12,14.35,0.96,4.11,92.66,4.16,9.40,2025-06-02 22:41:02
Sensor-13,24.18,0.07,7.14,49.86,6.40,9.88,2025-06-02 20:50:11
Sensor-14,15.56,1.54,4.30,42.75,7.95,4.96,2025-06-03 07:09:57
Sensor-15,36.98,1.59,3.60,82.87,13.16,13.37,2025-06-02 17:46:31
Sensor-16,22.57,0.10,6.82,13.44,10.25,4.61,2025-06-03 01:58:02
Sensor-17,25.77,0.71,5.12,51.17,9.53,12.13,2025-06-03 05:10:59
Sensor-18,14.13,1.07,7.82,53.83,3.63,0.68,2025-06-03 01:44:10
Sensor-19,21.23,0.14,6.87,24.94,6.09,6.48,2025-06-02 09:31:07
Sensor-20,22.68,0.29,7.86,31.83,5.02,6.78,2025-06-02 11:30:20
Sensor-21,23.38,0.10,7.46,15.00,5.33,6.52,2025-06-02 22:08:53
Sensor-22,16.52,1.05,7.87,88.31,6.32,9.41,2025-06-03 05:03:55
Sensor-23,17.11,0.43,7.49,81.90,4.74,9.31,2025-06-02 21:37:23
Sensor-24,24.81,0.16,8.39,40.07,7.65,5.25,2025-06-02 15:16:11
Sensor-25,21.97,0.10,6.58,31.19,5.04,7.57,2025-06-03 07:28:59
Sensor-26,28.52,0.61,7.52,56.41,13.94,8.03,2025-06-02 15:06:01
Sensor-27,21.43,0.47,6.79,29.01,8.49,8.68,2025-06-02 16:08:56
Sensor-28,22.37,0.09,7.84,4.10,5.95,7.26,2025-06-03 03:49:07
Sensor-29,28.66,0.19,7.52,46.35,10.96,5.20,2025-06-02 19:26:55
Sensor-30,19.83,0.55,5.00,86.01,13.32,9.38,2025-06-03 03:53:34
Sensor-31,23.22,0.36,6.87,19.67,5.15,5.10,2025-06-03 09:00:57
Sensor-32,24.51,0.15,8.46,7.13,5.43,3.86,2025-06-02 15:21:52
Sensor-33,31.62,1.56,9.36,54.92,1.24,13.03,2025-06-02 16:41:53
Sensor-34,17.38,1.57,3.93,74.10,11.02,2.77,2025-06-03 05:42:30
Sensor-35,21.27,0.17,6.87,45.61,9.35,4.22,2025-06-02 22:10:53
Sensor-36,30.24,1.44,5.21,56.46,6.39,14.55,2025-06-03 07:13:19
Sensor-37,23.13,1.54,7.13,49.36,2.88,11.69,2025-06-02 12:56:07
Sensor-38,23.32,0.15,6.64,40.85,8.96,3.59,2025-06-03 07:40:08
Sensor-39,39.08,0.97,5.59,67.23,14.88,1.75,2025-06-03 05:20:47
Sensor-40,27.85,1.32,9.87,57.82,12.68,8.34,2025-06-02 11:42:01
Sensor-41,24.22,0.53,6.39,76.08,10.49,4.06,2025-06-02 16:58:20
Sensor-42,18.88,0.66,3.36,50.53,5.76,3.58,2025-06-02 20:11:42
Sensor-43,20.42,0.48,7.84,29.04,7.56,6.10,2025-06-02 11:42:53
Sensor-44,23.71,0.25,7.73,26.08,10.55,4.06,2025-06-02 14:31:06
Sensor-45,14.57,0.80,8.65,50.30,14.61,4.38,2025-06-02 13:23:41
Sensor-46,25.15,0.06,7.32,39.16,11.48,6.62,2025-06-03 03:18:30
Sensor-47,28.48,0.33,6.90,42.19,9.48,5.78,2025-06-02 16:02:53
Sensor-48,39.86,1.96,7.44,72.66,1.11,13.20,2025-06-03 06:59:05
Sensor-49,26.93,0.16,7.00,25.10,7.55,8.54,2025-06-03 06:53:04
Sensor-50,17.59,1.32,7.82,56.18,2.14,8.31,2025-06-03 06:20:33
Sensor-51,13.01,1.64,5.60,40.09,5.69,10.00,2025-06-02 17:55:04
Sensor-52,27.41,0.47,8.44,32.86,7.87,7.35,2025-06-02 12:37:18
Sensor-53,28.16,0.53,3.45,97.85,12.58,13.94,2025-06-02 14:25:36
Sensor-54,26.23,0.39,8.26,10.79,10.10,7.23,2025-06-02 13:15:51
Sensor-55,20.24,0.16,6.58,36.22,5.22,5.13,2025-06-03 01:42:16
Sensor-56,14.78,0.88,7.24,92.75,0.59,9.33,2025-06-02 18:41:20
Sensor-57,22.57,0.10,8.49,20.89,8.12,9.08,2025-06-02 14:40:28
Sensor-58,26.33,1.32,7.77,48.11,5.93,11.15,2025-06-02 12:29:29
Sensor-59,17.93,1.10,4.29,44.64,4.98,12.50,2025-06-02 20:19:19
Sensor-60,13.59,1.66,7.75,52.37,11.70,3.66,2025-06-03 04:54:28
Sensor-61,24.33,1.01,3.17,56.98,0.67,9.18,2025-06-02 16:16:53
Sensor-62,24.71,0.36,8.13,35.71,5.01,6.81,2025-06-02 21:44:59
Sensor-63,35.45,1.47,8.02,49.52,7.36,10.51,2025-06-02 16:17:22
Sensor-64,25.03,0.45,6.93,3.57,9.89,9.98,2025-06-03 05:28:36
Sensor-65,29.12,0.32,7.71,0.32,8.30,9.36,2025-06-03 01:50:53
Sensor-66,13.39,0.44,6.69,74.61,7.89,3.04,2025-06-02 13:10:58
Sensor-67,29.93,1.94,8.77,77.15,9.91,4.64,2025-06-02 18:54:32
Sensor-68,25.56,0.41,6.57,34.07,5.65,3.94,2025-06-03 07:51:32
Sensor-69,28.27,0.50,8.30,43.40,5.78,7.76,2025-06-02 14:21:48
Sensor-70,22.33,0.08,8.07,28.18,8.04,3.46,2025-06-03 06:19:38
Sensor-71,36.59,1.63,4.83,69.44,13.23,8.80,2025-06-02 09:25:34
Sensor-72,19.49,1.16,8.83,89.60,8.10,3.29,2025-06-02 15:55:20
Sensor-73,26.62,0.12,6.93,14.21,9.58,4.66,2025-06-02 18:42:27
Sensor-74,22.03,0.34,6.62,21.52,5.78,9.70,2025-06-03 07:59:44
Sensor-75,26.77,1.87,7.02,52.25,13.98,8.43,2025-06-02 18:01:02
Sensor-76,33.31,1.56,6.93,93.10,12.49,2.19,2025-06-03 07:07:02
Sensor-77,25.10,0.02,6.52,32.58,6.98,8.70,2025-06-02 12:02:15
Sensor-78,24.22,0.09,7.05,7.86,7.13,6.65,2025-06-03 02:45:09
Sensor-79,29.09,0.07,7.99,2.19,7.09,3.69,2025-06-03 05:59:31
Sensor-80,16.71,1.96,4.89,95.98,5.44,2.76,2025-06-02 09:37:22
Sensor-81,14.65,1.41,7.49,95.93,6.24,5.91,2025-06-03 02:15:15
Sensor-82,35.14,0.83,8.26,58.53,1.59,5.86,2025-06-02 18:34:21
Sensor-83,20.66,0.46,6.54,34.70,6.58,4.09,2025-06-02 22:45:07
Sensor-84,24.43,0.30,6.79,36.46,10.11,7.47,2025-06-02 22:46:09
Sensor-85,29.10,0.37,6.61,38.71,9.01,10.00,2025-06-02 14:06:42
Sensor-86,29.44,0.41,7.25,47.48,7.14,6.02,2025-06-03 02:07:02
Sensor-87,29.98,0.04,7.03,36.88,10.31,5.13,2025-06-02 10:45:27
Sensor-88,29.29,0.36,7.69,48.98,9.33,3.17,2025-06-02 11:32:28
Sensor-89,24.72,0.18,8.29,27.48,9.15,4.72,2025-06-03 06:04:36
Sensor-90,26.56,1.83,8.34,58.73,8.46,5.95,2025-06-03 01:06:31
Sensor-91,18.35,1.88,7.93,87.14,11.80,12.30,2025-06-02 21:36:25
Sensor-92,34.20,1.41,8.23,66.61,12.98,9.87,2025-06-02 15:37:40
Sensor-93,23.70,1.05,7.95,57.44,2.28,14.03,2025-06-02 13:27:23
Sensor-94,26.08,0.34,7.83,36.72,9.67,7.75,2025-06-02 10:42:36
Sensor-95,17.36,1.96,5.83,82.30,4.17,10.94,2025-06-03 00:52:09
Sensor-96,30.48,1.61,6.82,76.22,8.89,2.50,2025-06-03 04:41:29
Sensor-97,24.42,0.09,6.58,43.47,11.43,9.42,2025-06-02 14:30:41
Sensor-98,24.38,0.25,8.17,48.65,11.46,8.54,2025-06-02 12:53:16
Sensor-99,37.12,1.91,7.51,68.33,3.69,2.07,2025-06-02 21:26:52
Sensor-100,22.11,0.32,7.07,31.84,10.88,4.21,2025-06-03 01:33:20
Sensor-1,22.14,0.28,7.80,2.68,6.33,3.97,2025-06-02 12:58:21
Sensor-2,22.70,0.45,6.53,47.21,5.42,5.36,2025-06-03 02:58:09
Sensor-3,23.02,0.45,8.15,8.66,10.63,5.68,2025-06-02 20:48:41
Sensor-4,16.74,1.93,5.09,63.43,2.54,8.10,2025-06-03 05:08:27
Sensor-5,26.16,0.05,7.24,48.69,11.61,9.45,2025-06-02 14:34:03
Sensor-6,28.58,0.16,8.03,46.51,5.86,4.06,2025-06-03 01:40:56
Sensor-7,22.26,0.07,6.69,49.35,5.52,7.01,2025-06-03 03:00:24
Sensor-8,22.86,1.36,8.75,70.10,12.51,11.23,2025-06-02 18:30:04
Sensor-9,20.94,1.70,5.78,69.41,10.83,11.17,2025-06-02 09:35:40
Sensor-10,23.85,0.47,8.44,1.46,10.28,6.42,2025-06-02 18:52:56
Sensor-11,11.49,1.97,7.95,74.44,11.78,9.13,2025-06-02 13:00:44
Sensor-12,20.31,0.05,8.04,29.76,8.36,6.14,2025-06-02 16:11:49
Sensor-13,26.59,0.42,8.30,12.22,8.83,7.77,2025-06-02 11:47:49
Sensor-14,20.88,0.39,7.95,23.00,10.05,4.42,2025-06-03 04:59:50
Sensor-15,13.85,0.45,4.98,49.45,3.14,10.06,2025-06-02 19:27:32
Sensor-16,34.30,1.76,4.35,55.76,10.60,13.09,2025-06-03 08:46:27
Sensor-17,27.72,0.26,7.48,19.82,10.89,3.76,2025-06-02 22:17:11
Sensor-18,27.65,1.20,6.12,46.00,14.81,6.03,2025-06-03 07:42:30
Sensor-19,20.69,0.65,8.26,63.40,1.63,8.19,2025-06-03 07:07:08
Sensor-20,15.34,1.63,5.08,54.57,3.90,7.16,2025-06-02 19:06:16
Sensor-21,24.85,0.42,6.52,11.20,11.20,4.71,2025-06-02 21:21:19
Sensor-22,37.06,1.71,6.85,96.07,6.05,4.14,2025-06-02 19:29:04
Sensor-23,26.61,0.68,5.55,98.44,7.23,5.18,2025-06-02 11:18:07
Sensor-24,27.16,0.32,8.23,28.95,7.81,7.15,2025-06-03 07:55:53
Sensor-25,35.94,0.75,9.77,85.55,4.56,7.32,2025-06-02 16:24:12
Sensor-26,38.52,1.96,3.05,56.19,7.48,3.76,2025-06-03 08:02:42
Sensor-27,23.26,0.47,3.19,74.63,13.26,1.52,2025-06-03 02:30:31
Sensor-28,20.72,0.26,6.53,13.36,6.35,4.77,2025-06-03 07:00:38
Sensor-29,29.63,1.93,7.75,78.67,6.25,13.51,2025-06-02 15:07:57
Sensor-30,39.96,1.79,9.97,92.06,6.01,9.15,2025-06-02 23:37:42
Sensor-31,16.02,1.03,8.03,80.82,13.81,11.76,2025-06-03 09:10:08
Sensor-32,20.65,0.39,7.49,30.95,8.69,6.43,2025-06-02 10:59:37
Sensor-33,23.11,0.18,6.65,9.75,6.12,9.93,2025-06-03 01:50:22
Sensor-34,28.02,0.26,7.09,39.22,9.65,3.86,2025-06-03 00:33:29
Sensor-35,23.25,0.45,6.54,15.43,5.36,6.36,2025-06-02 14:37:44
Sensor-36,29.00,0.84,7.08,40.25,3.67,2.46,2025-06-03 02:40:11
Sensor-37,37.61,1.56,5.84,98.64,12.09,8.44,2025-06-02 21:00:48
Sensor-38,24.89,0.49,6.68,5.85,6.36,8.09,2025-06-03 06:18:45
Sensor-39,27.98,0.20,6.80,27.77,5.89,6.74,2025-06-02 20:04:01
Sensor-40,12.43,0.66,5.97,97.81,4.39,13.28,2025-06-03 07:05:56
Sensor-41,28.98,0.42,6.92,14.56,11.63,5.77,2025-06-03 04:00:01
Sensor-42,20.37,0.37,6.74,18.75,9.52,9.12,2025-06-03 08:07:27
Sensor-43,22.31,0.48,7.58,36.94,6.21,4.58,2025-06-02 18:22:10
Sensor-44,22.59,1.79,4.97,92.87,2.45,11.68,2025-06-03 01:02:24
Sensor-45,28.35,0.32,7.90,31.69,10.00,6.78,2025-06-02 16:35:55
Sensor-46,12.69,1.35,5.72,68.96,0.01,9.36,2025-06-02 19:08:50
Sensor-47,20.46,1.59,5.99,78.07,0.47,3.88,2025-06-02 20:14:41
Sensor-48,20.61,0.63,5.28,91.73,1.79,4.00,2025-06-03 06:21:25
Sensor-49,22.41,0.27,7.32,0.45,9.77,6.18,2025-06-02 19:46:34
Sensor-50,27.11,0.40,8.42,36.61,7.36,9.31,2025-06-02 17:51:47
Sensor-51,24.41,0.05,6.88,31.20,8.08,9.86,2025-06-02 23:31:39
Sensor-52,12.67,1.99,6.06,96.26,9.63,11.75,2025-06-02 18:34:10
Sensor-53,21.15,0.28,7.21,6.92,5.98,8.20,2025-06-03 04:22:35
Sensor-54,29.08,0.40,7.30,8.29,6.83,7.74,2025-06-02 11:24:57
Sensor-55,20.29,0.30,7.27,33.89,11.65,7.08,2025-06-02 21:33:51
Sensor-56,24.33,0.38,7.07,15.48,5.42,3.03,2025-06-03 01:57:21
Sensor-57,28.37,0.56,3.55,65.74,2.42,6.09,2025-06-03 07:12:27
Sensor-58,28.01,0.46,7.26,5.87,8.89,9.09,2025-06-02 15:57:02
Sensor-59,25.95,0.37,6.83,36.76,5.51,4.50,2025-06-03 04:37:14
Sensor-60,27.74,0.27,7.79,22.82,7.94,4.97,2025-06-02 16:12:21
Sensor-61,24.36,0.17,8.25,41.94,7.19,5.76,2025-06-02 09:55:28
Sensor-62,24.65,0.43,8.14,18.11,7.61,5.09,2025-06-02 13:37:07
Sensor-63,29.23,0.34,8.02,24.00,6.77,6.99,2025-06-02 10:57:02
Sensor-64,21.94,0.34,7.95,23.99,6.12,7.17,2025-06-02 19:13:50
Sensor-65,29.56,0.91,6.96,52.08,2.93,10.76,2025-06-02 12:21:21
Sensor-66,29.16,0.15,7.91,36.53,9.73,7.52,2025-06-02 11:02:36
Sensor-67,24.19,0.37,7.30,8.82,10.94,3.79,2025-06-02 09:30:45
Sensor-68,36.70,1.80,6.53,95.55,10.02,4.80,2025-06-03 07:06:02
Sensor-69,25.42,0.29,7.72,39.12,12.00,5.86,2025-06-03 03:06:08
Sensor-70,34.09,1.84,9.82,86.95,7.09,9.44,2025-06-02 14:38:05
Sensor-71,35.80,0.55,6.24,63.06,10.03,0.27,2025-06-03 07:45:46
Sensor-72,23.87,0.29,6.95,5.51,10.54,7.23,2025-06-02 23:43:46
Sensor-73,28.42,0.43,8.42,17.81,9.24,9.48,2025-06-03 04:26:28
Sensor-74,25.40,0.19,6.55,37.56,11.60,5.25,2025-06-02 12:04:39
Sensor-75,24.06,0.34,6.78,46.58,7.73,5.99,2025-06-02 13:43:44
Sensor-76,27.65,0.07,7.09,8.20,6.35,4.00,2025-06-03 03:40:18
Sensor-77,33.87,1.80,9.08,57.49,10.72,0.68,2025-06-03 02:54:08
Sensor-78,37.86,1.94,7.62,70.43,10.37,7.38,2025-06-02 12:08:24
Sensor-79,21.48,0.09,7.82,33.96,7.42,9.91,2025-06-02 16:32:20
Sensor-80,23.52,0.36,8.43,18.15,6.66,9.67,2025-06-02 18:00:20
Sensor-81,28.34,0.48,6.73,25.89,9.58,3.07,2025-06-02 11:16:41
Sensor-82,24.94,0.43,8.01,32.23,9.81,9.60,2025-06-02 15:16:03
Sensor-83,20.13,1.65,5.96,88.03,2.09,10.20,2025-06-02 13:31:17
Sensor-84,14.97,1.72,9.09,45.37,7.93,1.73,2025-06-02 15:57:25
Sensor-85,35.41,1.41,7.10,87.80,14.41,12.15,2025-06-02 09:43:42
Sensor-86,11.74,1.71,7.66,76.79,5.46,0.43,2025-06-03 04:21:08
Sensor-87,26.29,0.17,7.15,11.79,5.60,3.73,2025-06-02 15:18:02
Sensor-88,37.23,1.13,5.50,48.14,5.20,7.64,2025-06-03 02:40:20
Sensor-89,16.76,0.45,6.48,43.40,6.69,2.88,2025-06-02 09:27:50
Sensor-90,20.44,0.01,6.89,11.25,6.21,4.03,2025-06-03 06:29:14
Sensor-91,14.10,1.52,7.75,59.36,7.50,1.24,2025-06-03 01:48:26
Sensor-92,25.66,0.36,7.19,19.45,5.03,4.58,2025-06-03 08:26:47
Sensor-93,28.75,0.50,8.07,19.99,10.53,4.11,2025-06-02 11:04:57
Sensor-94,38.29,1.33,9.64,60.90,12.46,12.84,2025-06-02 16:08:05
Sensor-95,22.31,0.44,7.76,42.10,11.92,5.89,2025-06-02 21:35:29
Sensor-96,21.51,0.25,6.65,28.49,6.17,7.91,2025-06-03 00:09:48
Sensor-97,35.03,0.59,7.95,70.18,6.21,14.48,2025-06-02 12:25:19
Sensor-98,28.07,0.23,7.10,4.59,11.58,7.33,2025-06-02 21:37:48
Sensor-99,22.23,0.40,7.72,8.38,5.91,3.36,2025-06-02 19:52:42
Sensor-100,23.76,0.29,7.75,25.00,6.81,4.68,2025-06-03 06:14:21
Sensor-1,29.23,0.27,6.55,27.58,11.53,8.03,2025-06-03 00:22:32
Sensor-2,24.78,0.32,7.08,48.61,7.36,3.22,2025-06-02 13:12:27
Sensor-3,29.60,0.34,7.25,19.21,9.68,7.98,2025-06-02 16:14:43
Sensor-4,29.74,0.16,6.75,32.02,7.40,3.69,2025-06-03 05:05:57
Sensor-5,27.54,0.53,6.50,88.49,1.17,9.59,2025-06-02 20:17:28
Sensor-6,23.33,0.09,6.61,10.73,11.50,6.81,2025-06-03 05:12:53
Sensor-7,25.96,0.38,7.66,33.61,5.50,9.92,2025-06-02 09:47:29
Sensor-8,28.84,0.19,7.46,26.03,10.14,8.19,2025-06-03 04:04:01
Sensor-9,17.71,1.06,8.86,52.94,6.77,1.22,2025-06-03 03:35:28
Sensor-10,14.74,0.81,6.02,88.21,3.69,14.59,2025-06-03 03:09:02
Sensor-11,28.59,0.08,8.48,19.40,5.55,4.94,2025-06-02 20:37:29
Sensor-12,23.26,0.90,4.54,44.65,7.84,9.74,2025-06-03 05:28:27
Sensor-13,24.85,0.49,7.33,4.02,11.64,3.70,2025-06-02 13:09:01
Sensor-14,11.32,1.36,8.23,97.68,13.71,6.04,2025-06-03 03:13:23
Sensor-15,12.04,0.92,4.02,98.42,8.58,14.31,2025-06-03 06:39:15
Sensor-16,20.26,0.48,8.08,17.51,8.24,8.55,2025-06-02 16:00:27
Sensor-17,22.27,0.32,7.59,7.55,9.54,9.54,2025-06-02 09:59:33
Sensor-18,24.38,0.14,6.72,8.71,8.25,8.65,2025-06-02 22:30:49
Sensor-19,37.55,1.88,4.04,86.33,6.66,14.10,2025-06-02 13:10:05
Sensor-20,21.22,0.05,7.70,37.71,9.75,8.29,2025-06-02 10:03:05
Sensor-21,22.28,0.06,8.23,39.07,6.09,8.16,2025-06-02 15:26:35
Sensor-22,23.16,1.02,5.52,58.64,8.71,2.18,2025-06-02 14:29:20
Sensor-23,34.57,1.98,7.71,86.52,2.59,3.70,2025-06-03 08:07:08
Sensor-24,26.51,0.07,7.45,13.72,11.33,3.24,2025-06-02 15:50:00
Sensor-25,29.57,1.62,3.80,89.62,5.48,10.45,2025-06-02 12:31:50
Sensor-26,39.49,1.03,5.46,96.61,10.27,9.89,2025-06-02 18:46:47
Sensor-27,28.48,0.07,6.68,11.84,7.19,9.93,2025-06-03 02:32:42
Sensor-28,13.97,1.84,6.75,49.21,1.03,6.75,2025-06-03 05:55:45
Sensor-29,32.06,1.86,9.11,69.69,9.62,5.73,2025-06-02 14:25:58
Sensor-30,24.27,0.16,7.57,14.14,9.64,8.20,2025-06-02 22:47:39
Sensor-31,28.67,0.41,7.40,45.54,5.23,8.79,2025-06-02 22:10:36
Sensor-32,13.46,0.98,3.49,75.48,7.56,6.98,2025-06-02 11:23:37
Sensor-33,26.62,0.13,8.45,36.14,6.89,6.98,2025-06-02 22:16:40
Sensor-34,18.15,1.90,7.36,56.25,10.78,4.43,2025-06-03 03:59:58
Sensor-35,24.61,0.42,8.44,45.57,5.12,7.56,2025-06-03 00:19:50
Sensor-36,36.56,1.12,4.59,69.10,5.97,12.43,2025-06-02 15:28:02
Sensor-37,26.41,0.13,7.74,37.47,8.82,9.50,2025-06-03 06:55:15
Sensor-38,24.13,0.27,6.84,7.95,6.02,7.07,2025-06-02 13:41:53
Sensor-39,29.87,1.46,3.54,52.12,4.14,5.71,2025-06-02 10:54:18
Sensor-40,15.58,1.88,4.65,93.50,14.14,14.93,2025-06-02 18:48:45
Sensor-41,24.11,0.50,7.34,12.09,8.67,6.69,2025-06-02 12:32:52
Sensor-42,26.31,0.41,7.83,43.17,8.70,3.68,2025-06-02 12:18:07
Sensor-43,14.74,1.84,5.56,78.76,5.39,4.86,2025-06-02 10:54:00
Sensor-44,27.45,0.12,7.39,18.64,7.42,8.29,2025-06-02 17:55:05
Sensor-45,26.85,0.38,8.01,47.78,8.10,6.66,2025-06-02 19:46:56
Sensor-46,23.53,0.36,6.57,14.52,5.85,4.06,2025-06-03 05:04:15
Sensor-47,35.39,1.61,9.82,59.61,6.35,4.63,2025-06-03 07:20:18
Sensor-48,39.84,1.01,3.51,42.86,7.54,0.16,2025-06-02 22:30:27
Sensor-49,29.96,0.73,7.44,94.99,0.95,5.99,2025-06-03 05:45:29
Sensor-50,23.05,0.03,8.04,26.44,9.62,4.51,2025-06-02 21:25:08
Sensor-51,14.63,1.11,4.92,63.30,9.20,12.06,2025-06-03 05:21:16
Sensor-52,25.51,0.79,5.77,82.18,2.74,10.34,2025-06-03 01:12:01
Sensor-53,22.67,0.01,6.67,28.13,5.35,4.26,2025-06-02 22:05:58
Sensor-54,20.75,0.02,7.72,1.29,6.90,7.28,2025-06-02 14:06:45
Sensor-55,25.67,0.30,7.68,34.87,6.21,3.07,2025-06-02 09:50:03
Sensor-56,32.38,1.03,9.97,62.03,3.31,3.77,2025-06-02 18:05:13
Sensor-57,35.21,1.30,3.95,98.12,2.20,0.87,2025-06-02 14:34:20
Sensor-58,25.79,0.20,7.26,38.98,8.15,8.82,2025-06-02 21:46:52
Sensor-59,27.17,1.61,8.72,75.65,0.28,1.16,2025-06-02 10:01:36
Sensor-60,24.79,0.18,8.32,38.31,11.30,3.18,2025-06-02 22:20:33
Sensor-61,25.03,0.35,8.50,17.02,6.50,8.48,2025-06-02 18:01:11
Sensor-62,29.92,0.28,7.94,19.86,5.07,5.35,2025-06-02 20:17:01
Sensor-63,29.11,0.27,7.44,33.19,10.58,4.20,2025-06-02 20:11:46
Sensor-64,26.46,0.20,6.76,22.28,6.30,9.52,2025-06-02 13:51:01
Sensor-65,23.30,0.26,8.35,38.79,11.43,7.17,2025-06-02 12:30:09
Sensor-66,20.11,0.27,8.03,33.38,8.27,5.14,2025-06-03 02:45:45
Sensor-67,20.14,0.19,8.33,32.46,7.84,4.41,2025-06-02 15:41:59
Sensor-68,26.98,0.43,7.27,32.73,6.69,6.79,2025-06-02 23:58:03
Sensor-69,23.47,1.13,5.23,76.31,13.34,11.94,2025-06-03 03:39:08
Sensor-70,21.46,0.18,7.75,33.38,7.85,4.52,2025-06-02 09:48:07
Sensor-71,28.45,0.44,8.39,38.70,8.66,9.15,2025-06-02 16:33:48
Sensor-72,26.60,0.19,7.81,38.63,9.51,3.05,2025-06-02 21:18:42
Sensor-73,28.53,0.05,7.45,4.83,10.79,8.46,2025-06-03 07:35:28
Sensor-74,35.47,0.98,8.47,74.27,10.41,10.76,2025-06-02 23:34:32
Sensor-75,20.84,0.43,7.55,10.85,9.65,3.47,2025-06-02 09:56:20
Sensor-76,24.53,0.37,7.35,11.54,8.06,8.48,2025-06-02 22:44:45
Sensor-77,23.48,0.08,6.64,22.36,5.37,4.74,2025-06-03 01:23:18
Sensor-78,26.21,0.78,9.12,59.91,5.37,12.41,2025-06-02 18:22:55
Sensor-79,21.94,1.12,3.53,68.09,11.27,9.61,2025-06-02 18:39:53
Sensor-80,27.83,1.19,9.06,53.09,14.04,10.65,2025-06-02 11:58:26
Sensor-81,13.45,1.93,3.93,52.55,2.59,8.35,2025-06-03 05:34:46
Sensor-82,39.26,1.67,3.74,80.09,6.90,3.94,2025-06-02 14:43:12
Sensor-83,10.63,0.63,7.28,83.46,7.63,6.87,2025-06-02 13:02:00
Sensor-84,20.36,0.41,7.78,24.44,6.91,9.16,2025-06-03 02:39:02
Sensor-85,26.71,0.39,8.22,7.39,8.36,5.61,2025-06-02 13:22:06
Sensor-86,26.75,1.72,8.40,85.26,6.19,5.89,2025-06-02 13:21:48
Sensor-87,28.28,0.28,7.79,15.00,6.06,7.71,2025-06-02 21:32:36
Sensor-88,39.00,1.73,4.27,67.17,9.05,5.38,2025-06-03 01:52:23
Sensor-89,29.73,0.36,7.19,1.66,10.56,4.09,2025-06-03 07:51:22
Sensor-90,20.97,0.36,7.89,10.77,6.23,9.82,2025-06-02 23:56:32
Sensor-91,20.31,0.24,6.85,39.07,11.14,9.32,2025-06-02 09:41:33
Sensor-92,23.69,1.74,4.63,88.93,9.19,9.31,2025-06-02 19:13:45
Sensor-93,23.74,1.73,3.59,50.30,7.81,0.32,2025-06-03 00:44:20
Sensor-94,26.53,0.04,6.56,3.49,9.33,9.03,2025-06-02 15:10:26
Sensor-95,22.17,0.50,6.93,45.00,7.63,5.10,2025-06-03 06:27:49
Sensor-96,21.96,0.20,7.33,36.25,10.87,6.15,2025-06-02 18:21:30
Sensor-97,10.00,1.16,6.13,90.36,8.39,2.86,2025-06-02 21:32:31
Sensor-98,24.52,0.17,8.05,31.46,9.30,8.02,2025-06-02 10:56:41
Sensor-99,22.34,0.00,7.07,25.22,9.28,5.74,2025-06-02 10:46:26
Sensor-100,32.63,1.31,8.21,51.99,4.38,14.66,2025-06-02 10:05:19
Sensor-1,25.10,0.49,7.11,49.76,7.06,4.68,2025-06-03 03:51:42
Sensor-2,23.89,0.46,6.76,14.12,6.29,8.95,2025-06-02 19:18:23
Sensor-3,32.34,0.62,3.11,51.94,9.04,5.05,2025-06-02 15:35:16
Sensor-4,25.40,0.25,7.86,18.69,10.42,9.08,2025-06-02 17:09:01
Sensor-5,25.24,0.31,7.95,7.83,9.96,5.86,2025-06-02 10:36:51
Sensor-6,33.24,1.84,5.65,68.82,4.79,12.52,2025-06-02 19:09:23
Sensor-7,25.34,1.38,6.98,46.86,0.70,4.01,2025-06-03 02:49:05
Sensor-8,18.02,1.71,4.03,97.02,1.32,10.76,2025-06-02 19:52:04
Sensor-9,24.79,1.31,4.09,79.01,13.63,9.65,2025-06-02 23:12:34
Sensor-10,30.16,1.33,6.45,56.24,7.69,9.84,2025-06-02 14:50:06
Sensor-11,37.50,0.87,8.00,49.51,14.24,2.57,2025-06-02 16:42:35
Sensor-12,23.47,0.31,8.30,42.22,10.48,5.77,2025-06-02 10:24:38
Sensor-13,27.37,1.54,7.29,50.09,0.39,5.77,2025-06-02 19:47:23
Sensor-14,27.17,1.37,6.91,53.49,5.95,2.39,2025-06-03 08:55:14
Sensor-15,37.20,1.04,9.07,65.81,4.04,4.08,2025-06-02 19:25:06
Sensor-16,10.66,0.50,9.48,67.71,7.63,4.45,2025-06-03 05:06:43
Sensor-17,24.20,0.48,6.94,5.30,11.14,9.22,2025-06-02 22:55:08
Sensor-18,27.43,0.02,6.95,38.08,6.13,3.34,2025-06-02 18:19:34
Sensor-19,38.78,0.49,3.09,75.62,10.69,8.19,2025-06-02 23:35:19
Sensor-20,11.23,0.92,4.14,74.20,13.83,1.59,2025-06-02 21:12:54
Sensor-21,24.37,0.38,7.78,1.04,11.98,9.67,2025-06-02 15:47:47
Sensor-22,28.12,0.29,7.06,39.95,6.10,7.93,2025-06-02 18:20:20
Sensor-23,37.13,1.86,7.96,43.82,6.54,10.92,2025-06-03 07:18:05
Sensor-24,23.97,1.46,6.10,94.76,5.84,2.82,2025-06-03 06:33:10
Sensor-25,20.90,0.27,7.77,6.77,9.77,3.27,2025-06-02 19:11:27
Sensor-26,23.60,0.31,6.76,21.17,5.32,3.99,2025-06-03 02:15:20
Sensor-27,19.08,1.46,5.56,52.40,0.90,0.08,2025-06-02 23:36:49
Sensor-28,21.32,0.28,8.10,3.09,10.62,6.41,2025-06-02 20:26:26
Sensor-29,25.62,0.18,7.96,11.03,7.15,9.53,2025-06-02 16:17:07
Sensor-30,33.71,1.03,6.64,51.38,14.07,6.84,2025-06-02 22:25:59
Sensor-31,26.38,0.29,7.36,47.02,10.41,4.97,2025-06-02 23:09:38
Sensor-32,12.15,1.55,6.12,75.31,4.50,10.06,2025-06-02 09:52:52
Sensor-33,27.03,0.43,8.49,16.00,5.85,6.09,2025-06-02 13:42:39
Sensor-34,23.84,0.14,8.34,43.24,11.10,5.47,2025-06-03 07:09:19
Sensor-35,23.01,0.44,7.97,8.83,9.54,4.99,2025-06-02 20:03:53
Sensor-36,24.45,0.19,7.31,18.84,7.41,5.34,2025-06-03 04:27:52
Sensor-37,22.86,0.14,7.96,27.91,8.15,3.03,2025-06-03 05:53:08
Sensor-38,32.66,1.95,6.57,93.47,7.87,2.19,2025-06-03 02:24:50
Sensor-39,29.99,0.28,6.97,17.22,7.37,3.48,2025-06-02 12:19:07
Sensor-40,21.55,1.45,7.26,42.68,2.76,5.49,2025-06-02 18:29:47
Sensor-41,28.96,0.14,6.92,46.35,9.39,4.47,2025-06-02 15:11:21
Sensor-42,35.02,0.77,7.25,57.03,5.94,4.29,2025-06-02 22:26:54
Sensor-43,21.40,0.39,6.96,30.44,8.24,3.65,2025-06-02 17:12:20
Sensor-44,25.73,1.21,8.89,75.03,7.70,0.08,2025-06-02 09:32:46
Sensor-45,29.10,1.79,5.01,70.81,5.86,10.12,2025-06-03 07:00:42
Sensor-46,35.89,0.90,7.01,60.50,0.89,1.70,2025-06-03 01:45:48
Sensor-47,26.89,0.78,5.12,61.73,2.27,3.90,2025-06-03 04:46:56
Sensor-48,21.00,0.16,7.49,6.26,8.69,4.41,2025-06-02 10:09:27
Sensor-49,24.83,0.50,7.01,18.28,11.75,7.87,2025-06-02 22:21:58
Sensor-50,24.43,0.24,7.17,26.74,7.73,5.36,2025-06-03 02:39:06
Sensor-51,25.53,0.43,8.22,20.06,11.17,6.30,2025-06-03 04:30:41
Sensor-52,26.71,0.36,6.91,34.20,5.76,6.90,2025-06-02 12:14:15
Sensor-53,19.09,0.57,6.25,75.86,7.07,3.84,2025-06-03 00:08:08
Sensor-54,20.09,0.34,6.94,34.57,5.87,8.90,2025-06-02 11:59:02
Sensor-55,28.15,0.44,8.46,43.42,8.05,4.68,2025-06-02 10:44:13
Sensor-56,29.46,0.23,7.79,33.32,6.04,5.73,2025-06-03 02:05:42
Sensor-57,29.81,0.46,7.94,4.14,5.45,7.21,2025-06-02 19:50:58
Sensor-58,18.57,0.74,6.96,45.38,0.84,6.21,2025-06-02 14:49:00
Sensor-59,16.95,0.94,3.60,61.68,8.83,3.17,2025-06-02 11:28:58
Sensor-60,25.54,0.37,7.93,37.23,10.26,6.22,2025-06-03 01:56:31
Sensor-61,32.00,0.43,3.82,72.23,6.28,2.43,2025-06-02 11:19:28
Sensor-62,29.25,0.07,7.04,8.27,11.50,8.27,2025-06-02 15:37:38
Sensor-63,28.18,0.27,6.87,3.07,11.97,4.39,2025-06-02 22:59:00
Sensor-64,22.62,1.73,8.25,83.18,10.80,0.78,2025-06-03 07:29:10
Sensor-65,28.54,0.34,6.82,5.26,11.40,8.28,2025-06-02 10:48:47
Sensor-66,33.10,1.06,6.50,92.52,14.80,11.45,2025-06-02 12:24:26
Sensor-67,27.00,1.84,7.40,97.79,11.13,2.67,2025-06-03 05:34:35
Sensor-68,34.51,1.30,5.50,42.38,3.29,10.42,2025-06-02 13:20:19
Sensor-69,30.20,1.86,8.98,53.47,8.31,14.28,2025-06-03 01:06:28
Sensor-70,18.12,0.41,8.24,98.22,3.05,9.26,2025-06-03 01:50:12
Sensor-71,29.85,1.73,5.68,72.87,6.35,6.04,2025-06-03 01:38:13
Sensor-72,23.60,0.06,7.28,42.41,11.25,6.47,2025-06-03 05:10:53
Sensor-73,29.16,1.95,6.96,78.60,6.72,4.37,2025-06-03 01:57:07
Sensor-74,13.40,1.04,3.26,66.46,5.96,0.11,2025-06-03 08:26:22
Sensor-75,12.08,1.78,5.30,80.15,6.17,14.63,2025-06-03 08:11:39
Sensor-76,29.97,0.05,8.24,7.92,6.28,5.88,2025-06-03 03:11:33
Sensor-77,27.66,0.44,6.69,81.93,0.84,7.73,2025-06-02 13:32:15
Sensor-78,29.06,1.24,3.31,98.61,9.34,14.14,2025-06-03 02:30:48
Sensor-79,15.62,0.74,5.53,48.00,11.50,5.96,2025-06-02 21:22:39
Sensor-80,10.72,0.48,3.55,58.73,12.81,1.30,2025-06-03 00:25:23
Sensor-81,29.83,0.63,6.46,97.19,11.67,8.15,2025-06-03 00:28:09
Sensor-82,18.03,0.57,4.70,83.83,12.29,7.65,2025-06-03 01:29:59
Sensor-83,15.64,0.72,8.88,52.46,2.30,5.16,2025-06-02 23:39:30
Sensor-84,34.51,1.40,3.45,73.73,8.02,5.00,2025-06-02 17:29:30
Sensor-85,15.24,1.68,9.80,76.36,2.55,4.08,2025-06-03 03:22:35
Sensor-86,25.66,0.90,5.24,74.91,11.24,12.86,2025-06-03 04:27:12
Sensor-87,22.33,0.43,7.58,25.77,10.66,7.95,2025-06-03 04:56:20
Sensor-88,28.47,0.38,8.30,10.15,7.59,8.98,2025-06-02 14:28:28
Sensor-89,26.41,0.44,6.51,11.75,6.13,9.62,2025-06-02 18:54:29
Sensor-90,29.18,0.00,6.98,18.76,5.87,8.87,2025-06-03 03:53:48
Sensor-91,21.49,1.01,6.83,50.59,1.19,7.32,2025-06-02 11:02:00
Sensor-92,25.29,0.44,7.54,12.92,7.29,7.27,2025-06-03 08:38:05
Sensor-93,21.05,0.15,7.65,12.84,11.24,7.96,2025-06-02 15:48:54
Sensor-94,28.96,0.22,7.84,40.30,9.44,3.97,2025-06-02 16:42:18
Sensor-95,29.64,0.20,8.50,47.79,6.55,8.94,2025-06-03 02:24:39
Sensor-96,23.28,0.09,8.45,2.84,8.09,7.50,2025-06-03 03:54:42
Sensor-97,23.38,1.31,3.66,55.06,9.57,13.27,2025-06-02 22:59:17
Sensor-98,22.26,0.25,7.07,42.23,11.57,7.21,2025-06-02 15:51:53
Sensor-99,14.52,1.20,7.23,57.84,9.74,0.42,2025-06-02 23:36:09
Sensor-100,21.01,0.14,7.78,1.26,8.35,7.14,2025-06-02 19:25:27
Sensor-1,20.86,0.47,7.09,22.00,6.92,8.04,2025-06-02 12:36:13
Sensor-2,26.59,0.59,4.78,50.57,14.71,3.10,2025-06-02 11:25:59
Sensor-3,20.21,0.57,4.19,50.23,9.08,11.82,2025-06-03 03:30:00
Sensor-4,22.49,0.27,7.00,39.79,5.29,5.54,2025-06-02 22:11:03
Sensor-5,20.13,0.76,5.53,88.23,10.48,13.00,2025-06-03 07:57:42
Sensor-6,25.16,0.10,7.03,34.67,5.19,7.29,2025-06-02 11:38:23
Sensor-7,21.13,0.02,6.80,9.21,9.91,3.98,2025-06-02 21:24:14
Sensor-8,20.83,0.35,6.76,13.10,6.67,3.57,2025-06-02 21:23:29
Sensor-9,25.99,0.28,7.39,41.78,10.81,9.73,2025-06-02 22:37:54
Sensor-10,21.88,0.33,7.26,1.86,10.98,8.69,2025-06-02 23:35:10
Sensor-11,29.01,0.33,8.39,9.22,11.58,6.53,2025-06-02 17:17:34
Sensor-12,20.95,0.99,5.51,91.27,7.15,5.75,2025-06-03 01:52:18
Sensor-13,19.33,0.46,9.96,41.73,4.39,6.67,2025-06-02 15:03:09
Sensor-14,22.44,1.14,8.30,86.95,12.40,1.75,2025-06-03 01:41:52
Sensor-15,21.72,0.45,7.42,32.81,6.25,3.71,2025-06-03 06:08:17
Sensor-16,11.05,1.46,9.76,85.96,12.19,0.84,2025-06-03 06:50:24
Sensor-17,29.81,0.00,7.41,8.99,10.45,8.15,2025-06-02 09:44:42
Sensor-18,29.64,0.84,3.42,78.91,14.48,7.87,2025-06-02 09:28:28
Sensor-19,10.11,0.49,7.64,97.86,3.87,6.88,2025-06-03 06:07:15
Sensor-20,29.82,0.48,7.82,30.70,8.85,4.95,2025-06-03 05:21:15
Sensor-21,28.19,0.06,7.38,7.46,6.60,4.82,2025-06-02 20:30:00
Sensor-22,13.77,0.63,5.03,43.43,7.15,1.10,2025-06-02 13:59:14
Sensor-23,14.71,1.03,6.30,84.66,5.20,12.27,2025-06-02 15:54:31
Sensor-24,12.22,1.55,5.21,65.63,1.46,9.29,2025-06-02 11:53:53
Sensor-25,26.38,0.24,7.96,10.62,6.84,5.69,2025-06-03 01:44:11
Sensor-26,35.84,1.29,4.45,65.70,9.53,9.10,2025-06-02 09:50:10
Sensor-27,24.37,0.18,7.26,7.14,9.30,5.42,2025-06-03 08:03:35
Sensor-28,25.96,0.38,6.80,4.83,11.12,8.51,2025-06-03 00:25:04
Sensor-29,22.14,0.04,7.17,5.46,5.74,9.94,2025-06-03 01:30:58
Sensor-30,29.53,0.44,6.76,39.90,5.30,6.64,2025-06-02 22:01:56
Sensor-31,17.09,0.77,7.21,47.08,3.60,8.87,2025-06-02 21:36:33
Sensor-32,25.46,0.09,7.58,32.89,10.96,5.60,2025-06-03 02:43:54
Sensor-33,26.82,0.36,7.67,20.08,8.60,6.29,2025-06-02 09:25:55
Sensor-34,25.72,0.36,7.94,43.75,7.87,4.55,2025-06-02 11:07:42
Sensor-35,34.96,1.38,6.15,45.08,0.67,13.01,2025-06-02 19:21:40
Sensor-36,25.37,0.20,7.14,47.94,7.98,3.16,2025-06-03 05:19:46
Sensor-37,23.78,0.49,7.54,15.34,5.14,5.76,2025-06-02 19:51:58
Sensor-38,24.59,0.42,6.81,14.69,5.60,6.11,2025-06-02 14:19:20
Sensor-39,23.41,0.20,7.73,5.56,9.27,7.18,2025-06-03 05:15:31
Sensor-40,25.12,0.37,7.64,17.72,11.98,5.17,2025-06-02 17:56:21
Sensor-41,25.15,1.07,3.98,61.45,11.35,0.24,2025-06-03 00:05:53
Sensor-42,11.10,1.33,7.50,84.30,13.15,1.29,2025-06-02 13:41:25
Sensor-43,28.16,0.27,6.96,35.32,11.39,5.20,2025-06-02 18:36:45
Sensor-44,11.99,1.22,4.65,69.27,7.26,5.65,2025-06-02 19:52:09
Sensor-45,35.62,0.71,4.45,65.46,0.82,4.20,2025-06-02 16:57:43
Sensor-46,16.58,0.88,4.37,63.39,8.43,12.31,2025-06-03 06:32:59
Sensor-47,26.14,0.46,6.82,11.80,8.06,5.60,2025-06-02 13:23:58
Sensor-48,37.57,0.64,6.21,74.48,12.58,9.03,2025-06-02 09:40:08
Sensor-49,28.11,1.36,5.76,64.52,13.79,5.89,2025-06-03 00:45:44
Sensor-50,24.62,0.76,9.74,50.21,12.00,7.71,2025-06-03 06:25:48
Sensor-51,13.71,1.47,6.77,92.24,7.97,6.86,2025-06-02 11:49:26
Sensor-52,20.32,0.39,6.89,41.32,8.42,3.91,2025-06-03 01:51:46
Sensor-53,29.67,1.36,5.88,98.73,11.22,2.86,2025-06-03 06:12:55
Sensor-54,28.87,0.28,8.31,45.47,10.22,7.20,2025-06-03 03:58:17
Sensor-55,24.56,0.48,7.96,37.99,6.90,8.80,2025-06-02 11:29:36
Sensor-56,25.43,0.30,8.07,39.07,6.03,9.53,2025-06-03 06:37:50
Sensor-57,25.00,0.57,5.01,89.65,8.08,10.53,2025-06-02 11:19:46
Sensor-58,17.89,1.90,3.84,53.63,2.83,7.82,2025-06-02 19:45:25
Sensor-59,22.97,0.24,7.68,30.13,11.21,8.62,2025-06-02 22:31:29
Sensor-60,14.12,1.68,3.60,56.63,8.96,3.24,2025-06-02 18:15:14
Sensor-61,23.38,0.06,7.47,32.75,10.90,3.37,2025-06-02 16:10:35
Sensor-62,16.20,0.85,3.65,55.66,11.23,10.05,2025-06-03 02:25:16
Sensor-63,33.67,1.34,3.79,43.68,5.44,5.47,2025-06-02 10:25:11
Sensor-64,22.78,1.64,5.76,88.81,12.30,10.07,2025-06-03 04:07:16
Sensor-65,19.98,1.04,3.05,68.52,11.21,13.26,2025-06-02 19:49:09
Sensor-66,16.26,1.17,9.17,52.54,9.40,13.49,2025-06-02 11:07:24
Sensor-67,27.20,0.37,7.50,26.08,7.97,8.67,2025-06-02 22:20:02
Sensor-68,33.62,1.56,4.69,64.71,9.84,2.02,2025-06-03 00:53:45
Sensor-69,28.86,1.12,5.55,59.30,11.04,6.58,2025-06-02 22:57:52
Sensor-70,22.44,0.27,8.14,22.05,9.22,4.70,2025-06-02 22:33:36
Sensor-71,27.27,0.46,8.04,29.68,6.96,9.63,2025-06-02 23:11:41
Sensor-72,21.54,0.39,7.10,17.05,6.07,9.79,2025-06-02 19:46:44
Sensor-73,24.24,0.22,7.62,8.78,9.06,4.49,2025-06-02 20:56:23
Sensor-74,27.86,1.27,7.34,68.66,11.42,6.06,2025-06-03 03:53:02
Sensor-75,21.01,0.46,8.38,31.86,6.73,4.70,2025-06-03 04:13:06
Sensor-76,26.56,0.21,7.69,34.29,11.80,3.26,2025-06-03 04:01:13
Sensor-77,23.81,0.44,8.31,37.92,11.63,8.16,2025-06-02 16:40:25
Sensor-78,20.40,0.07,7.76,19.01,8.42,4.20,2025-06-03 07:06:16
Sensor-79,36.86,1.18,4.42,64.47,4.82,9.12,2025-06-02 23:52:16
Sensor-80,17.39,0.95,4.73,66.20,6.67,11.60,2025-06-03 09:05:22
Sensor-81,20.23,0.46,8.29,31.65,8.51,7.57,2025-06-02 20:47:21
Sensor-82,25.71,0.44,8.27,37.97,10.98,9.35,2025-06-03 02:57:49
Sensor-83,10.29,1.51,8.85,76.92,0.51,5.32,2025-06-03 08:02:02
Sensor-84,25.81,0.39,7.59,23.41,5.27,7.29,2025-06-02 21:55:35
Sensor-85,39.32,1.49,3.45,85.38,9.73,9.71,2025-06-02 16:21:06
Sensor-86,23.45,0.02,8.18,8.31,6.25,9.45,2025-06-03 08:09:36
Sensor-87,35.80,0.61,8.74,82.47,1.55,0.78,2025-06-02 15:50:50
Sensor-88,22.30,0.43,7.12,25.06,10.97,3.13,2025-06-02 17:29:07
Sensor-89,25.67,0.89,8.64,48.18,9.35,13.87,2025-06-02 23:45:34
Sensor-90,38.25,1.93,6.72,63.11,7.81,14.91,2025-06-03 07:23:26
Sensor-91,31.29,1.08,9.15,68.13,2.97,0.89,2025-06-02 12:42:53
Sensor-92,28.14,0.98,3.03,46.91,0.25,3.41,2025-06-02 15:06:25
Sensor-93,33.77,1.56,5.18,50.44,8.23,8.49,2025-06-03 05:29:48
Sensor-94,23.60,0.85,8.22,77.40,14.55,1.73,2025-06-03 06:37:54
Sensor-95,26.16,0.87,5.43,81.62,2.47,13.62,2025-06-03 08:23:40
Sensor-96,23.74,0.28,6.62,16.61,11.52,6.20,2025-06-03 04:51:15
Sensor-97,14.39,1.28,4.48,61.88,12.55,7.12,2025-06-03 09:08:01
Sensor-98,24.76,0.36,7.90,36.66,10.12,5.65,2025-06-02 20:28:42
Sensor-99,25.49,0.04,7.82,39.68,7.69,4.13,2025-06-02 13:48:36
Sensor-100,15.17,0.95,7.70,63.76,7.41,6.80,2025-06-02 10:58:26
Sensor-1,28.60,0.04,7.92,44.18,9.60,5.37,2025-06-02 16:34:33
Sensor-2,23.88,1.86,9.90,92.50,4.52,0.14,2025-06-03 03:14:45
Sensor-3,22.38,0.26,6.53,44.39,7.39,9.36,2025-06-02 10:45:33
Sensor-4,11.96,1.47,6.33,50.30,4.86,9.09,2025-06-02 20:28:47
Sensor-5,27.97,0.02,6.58,19.93,8.57,9.94,2025-06-02 16:50:35
Sensor-6,27.97,1.82,3.63,66.06,1.52,9.69,2025-06-02 21:01:41
Sensor-7,29.30,0.95,3.45,61.70,6.12,10.85,2025-06-02 22:04:06
Sensor-8,32.37,0.53,7.63,49.39,14.13,13.56,2025-06-02 23:19:23
Sensor-9,26.92,1.01,9.35,59.20,12.62,7.21,2025-06-03 05:26:05
Sensor-10,26.14,0.50,6.56,25.12,9.97,7.60,2025-06-03 04:01:11
Sensor-11,21.63,1.79,9.73,83.87,7.36,2.93,2025-06-02 17:07:14
Sensor-12,12.21,1.86,9.37,45.15,14.56,9.34,2025-06-02 23:51:56
Sensor-13,30.42,1.46,3.41,61.31,7.52,10.02,2025-06-02 12:50:21
Sensor-14,15.45,1.98,9.38,42.74,3.91,7.62,2025-06-02 11:28:55
Sensor-15,32.09,0.65,6.76,61.03,1.13,6.56,2025-06-02 22:19:14
Sensor-16,31.34,1.09,6.00,82.53,12.16,2.50,2025-06-02 17:59:46
Sensor-17,24.88,1.20,4.22,80.79,10.38,13.60,2025-06-03 07:19:45
Sensor-18,23.09,1.39,9.60,92.94,1.57,6.36,2025-06-02 23:39:51
Sensor-19,21.17,0.23,7.73,23.62,7.45,4.04,2025-06-02 10:48:44
Sensor-20,20.64,0.26,6.75,18.11,6.90,3.65,2025-06-03 01:50:12
Sensor-21,26.72,0.15,8.47,8.92,11.67,7.22,2025-06-02 17:35:07
Sensor-22,15.03,0.69,7.71,90.79,11.05,12.12,2025-06-02 14:02:10
Sensor-23,31.21,0.98,3.17,70.12,14.88,9.98,2025-06-02 12:44:00
Sensor-24,32.22,0.50,8.83,55.94,4.35,8.53,2025-06-02 19:21:58
Sensor-25,29.12,0.15,7.26,33.50,5.42,3.46,2025-06-03 08:59:07
Sensor-26,34.84,1.53,5.91,53.30,6.00,11.31,2025-06-03 00:36:56
Sensor-27,27.60,1.47,9.26,72.69,1.00,9.97,2025-06-03 03:52:56
Sensor-28,20.44,0.11,8.09,11.84,7.74,8.69,2025-06-02 20:12:04
Sensor-29,35.05,1.54,7.08,79.64,11.13,14.62,2025-06-03 03:18:42
Sensor-30,19.83,1.80,8.72,63.59,5.34,1.75,2025-06-02 10:25:44
Sensor-31,10.34,1.69,9.64,64.77,7.60,12.67,2025-06-03 04:09:32
Sensor-32,27.88,0.48,7.40,10.77,10.50,7.66,2025-06-03 00:58:56
Sensor-33,28.16,0.14,7.62,23.63,8.36,4.88,2025-06-03 00:51:02
Sensor-34,26.60,0.69,4.33,80.75,9.50,7.78,2025-06-02 18:10:20
Sensor-35,20.37,1.10,6.98,43.64,2.41,5.80,2025-06-02 22:24:50
Sensor-36,29.45,0.10,7.82,20.87,8.80,4.95,2025-06-02 14:10:44
Sensor-37,13.75,0.85,3.78,40.44,3.98,14.01,2025-06-03 01:50:48
Sensor-38,17.50,1.68,5.37,97.03,11.66,7.90,2025-06-03 01:51:21
Sensor-39,22.37,0.02,7.89,17.86,10.72,6.81,2025-06-03 06:02:02
Sensor-40,24.21,0.12,8.32,13.41,9.10,5.52,2025-06-03 00:47:28
Sensor-41,19.06,0.74,5.85,49.66,5.93,5.06,2025-06-02 18:00:58
Sensor-42,26.04,0.15,8.29,10.63,8.43,6.18,2025-06-03 00:05:16
Sensor-43,36.00,1.51,3.95,77.14,14.62,11.40,2025-06-02 10:56:39
Sensor-44,27.40,1.35,6.99,49.93,11.87,1.78,2025-06-02 20:33:56
Sensor-45,27.67,0.02,7.74,36.56,10.04,9.70,2025-06-02 22:08:57
Sensor-46,23.59,0.38,6.69,9.35,10.89,7.71,2025-06-02 17:40:18
Sensor-47,17.88,1.97,3.29,58.44,5.04,5.85,2025-06-03 03:48:25
Sensor-48,14.43,0.46,3.25,66.12,1.05,5.84,2025-06-03 00:08:30
Sensor-49,16.71,0.69,8.20,73.87,3.05,12.84,2025-06-02 13:09:30
Sensor-50,21.57,0.47,7.51,34.22,10.01,5.09,2025-06-02 14:54:37
Sensor-51,23.11,0.05,7.65,4.23,11.42,9.67,2025-06-03 08:30:20
Sensor-52,27.87,0.33,8.49,16.91,7.90,9.38,2025-06-02 21:54:17
Sensor-53,29.77,0.42,7.99,43.21,9.66,9.53,2025-06-02 11:13:47
Sensor-54,13.88,0.43,3.61,94.08,1.82,8.02,2025-06-02 19:45:02
Sensor-55,29.41,0.38,7.52,33.93,9.01,3.90,2025-06-03 03:28:01
Sensor-56,29.46,0.66,7.65,98.64,5.02,5.35,2025-06-03 01:04:41
Sensor-57,25.70,0.27,8.41,5.78,5.19,6.56,2025-06-02 11:16:46
Sensor-58,26.97,0.74,5.59,50.12,3.31,14.32,2025-06-02 19:37:35
Sensor-59,26.77,1.68,6.43,80.23,9.42,9.44,2025-06-03 05:45:30
Sensor-60,28.86,0.18,7.60,6.43,10.79,3.34,2025-06-03 08:28:13
Sensor-61,37.97,0.87,5.85,93.75,12.53,13.55,2025-06-02 19:48:35
Sensor-62,29.87,0.15,8.00,20.09,5.24,7.19,2025-06-03 07:08:49
Sensor-63,21.28,0.20,7.41,29.24,5.28,5.79,2025-06-03 01:20:03
Sensor-64,24.22,0.86,3.30,91.11,14.89,7.55,2025-06-03 08:07:41
Sensor-65,19.18,1.68,9.36,65.13,0.20,9.87,2025-06-03 04:54:26
Sensor-66,24.01,0.48,6.53,22.40,10.28,3.95,2025-06-02 21:51:19
Sensor-67,22.29,0.10,8.41,38.39,9.76,8.87,2025-06-02 15:22:38
Sensor-68,26.54,0.06,7.75,35.87,9.39,6.25,2025-06-02 20:25:40
Sensor-69,17.60,1.43,6.37,62.13,2.83,0.13,2025-06-02 17:31:39
Sensor-70,24.75,0.14,6.96,7.45,6.42,5.32,2025-06-02 19:54:02
Sensor-71,13.14,0.55,6.66,68.93,6.27,9.66,2025-06-03 00:07:29
Sensor-72,23.98,1.43,7.19,72.22,6.89,10.95,2025-06-02 23:22:51
Sensor-73,24.00,0.30,8.48,37.18,10.87,6.30,2025-06-02 12:08:22
Sensor-74,19.95,1.70,7.47,70.99,14.95,4.33,2025-06-02 22:12:54
Sensor-75,25.92,1.52,5.01,60.64,7.21,11.71,2025-06-02 22:31:43
Sensor-76,37.09,1.71,8.82,40.20,13.71,0.01,2025-06-02 20:35:22
Sensor-77,21.36,1.95,7.87,52.21,11.39,2.07,2025-06-02 20:20:37
Sensor-78,20.50,1.32,3.19,86.69,9.68,11.47,2025-06-02 14:22:26
Sensor-79,36.47,1.92,9.30,46.21,4.98,7.73,2025-06-02 21:55:25
Sensor-80,26.32,0.18,8.23,31.48,8.68,3.20,2025-06-03 06:31:32
Sensor-81,22.70,0.12,7.13,16.94,8.75,7.65,2025-06-03 01:47:52
Sensor-82,23.04,0.28,6.78,28.25,5.16,6.10,2025-06-03 03:48:12
Sensor-83,25.72,0.42,8.13,33.26,10.64,5.19,2025-06-02 18:20:26
Sensor-84,24.33,0.41,3.16,68.63,8.26,13.93,2025-06-03 03:36:28
Sensor-85,30.21,1.04,6.03,79.73,6.32,1.47,2025-06-02 13:14:56
Sensor-86,36.36,1.06,6.86,62.64,1.38,3.85,2025-06-03 03:32:35
Sensor-87,22.13,0.18,6.62,34.59,8.96,7.92,2025-06-02 17:26:16
Sensor-88,12.69,0.69,5.84,50.50,12.26,5.57,2025-06-03 09:15:36
Sensor-89,20.43,0.87,8.49,95.31,0.08,12.53,2025-06-03 01:39:29
Sensor-90,11.92,1.37,6.50,77.83,9.58,0.16,2025-06-03 07:04:53
Sensor-91,20.14,1.93,7.06,75.03,9.09,0.41,2025-06-03 01:22:43
Sensor-92,27.09,0.32,7.12,35.73,8.26,3.16,2025-06-02 14:34:15
Sensor-93,22.96,0.01,8.23,22.26,11.26,7.01,2025-06-02 13:23:41
Sensor-94,15.26,0.46,6.70,52.74,4.65,5.97,2025-06-03 08:59:02
Sensor-95,22.42,0.07,8.37,49.94,8.55,9.62,2025-06-02 17:39:56
Sensor-96,34.09,0.47,7.60,91.56,2.48,5.53,2025-06-02 14:52:03
Sensor-97,20.52,1.62,3.75,65.56,10.68,1.35,2025-06-03 07:18:59
Sensor-98,32.41,1.99,9.74,51.85,13.39,13.44,2025-06-03 06:42:42
Sensor-99,31.62,1.80,4.25,63.54,2.81,4.03,2025-06-02 16:52:30
Sensor-100,28.68,0.36,6.77,40.76,5.38,9.69,2025-06-03 07:03:11
Sensor-1,21.60,0.93,6.06,78.80,14.63,1.48,2025-06-03 00:23:26
Sensor-2,34.14,0.80,7.61,60.02,9.95,8.45,2025-06-02 09:55:37
Sensor-3,21.11,0.30,7.42,0.19,6.48,6.06,2025-06-02 17:26:32
Sensor-4,35.44,1.29,4.38,98.23,1.48,1.40,2025-06-02 09:36:53
Sensor-5,25.39,0.20,7.43,27.87,11.89,5.13,2025-06-02 22:54:12
Sensor-6,27.57,0.19,8.47,23.25,9.23,8.82,2025-06-03 05:30:01
Sensor-7,17.62,1.45,5.85,67.18,0.93,10.19,2025-06-02 21:49:57
Sensor-8,22.79,0.35,6.76,42.61,6.60,8.79,2025-06-02 20:20:19
Sensor-9,27.21,0.01,8.04,30.30,10.60,6.01,2025-06-02 15:50:14
Sensor-10,24.78,0.07,6.86,39.70,10.85,7.97,2025-06-02 09:26:43
Sensor-11,33.98,1.81,5.24,49.61,6.63,13.99,2025-06-02 11:01:20
Sensor-12,29.95,0.88,8.93,88.78,1.68,0.03,2025-06-02 11:09:40
Sensor-13,34.73,1.11,5.58,42.92,7.04,2.29,2025-06-02 23:08:36
Sensor-14,13.26,0.55,9.20,62.09,10.41,5.02,2025-06-03 05:42:43
Sensor-15,23.20,0.33,6.62,43.37,5.09,6.88,2025-06-02 22:40:51
Sensor-16,28.43,0.49,7.75,19.37,9.37,9.98,2025-06-03 06:13:50
Sensor-17,21.87,0.43,6.64,13.39,6.79,7.91,2025-06-02 21:42:28
Sensor-18,21.14,0.15,7.62,47.99,8.18,6.52,2025-06-02 10:42:55
Sensor-19,20.35,0.14,8.39,3.25,9.33,4.45,2025-06-03 07:00:18
Sensor-20,24.90,0.11,7.36,47.36,7.99,4.36,2025-06-03 00:52:30
Sensor-21,33.48,0.42,9.53,56.01,11.62,14.77,2025-06-03 03:48:25
Sensor-22,22.96,0.38,7.86,39.30,6.30,8.44,2025-06-02 13:09:48
Sensor-23,23.03,0.13,8.30,29.98,7.85,8.72,2025-06-03 06:15:37
Sensor-24,31.69,1.49,3.55,75.09,1.07,4.45,2025-06-03 07:26:48
Sensor-25,20.66,0.07,7.06,13.75,8.39,5.64,2025-06-02 10:57:40
Sensor-26,36.49,1.12,7.80,62.42,2.98,2.55,2025-06-03 02:27:55
Sensor-27,28.76,1.53,8.39,48.04,3.44,0.59,2025-06-03 04:27:03
Sensor-28,24.06,0.25,8.36,8.59,11.18,9.34,2025-06-03 00:45:01
Sensor-29,34.32,1.22,4.50,77.55,0.11,2.30,2025-06-02 14:55:17
Sensor-30,30.84,1.56,8.90,90.15,10.74,0.99,2025-06-03 01:12:14
Sensor-31,25.55,0.44,7.30,27.61,7.15,4.79,2025-06-02 21:21:56
Sensor-32,28.98,0.01,6.80,15.98,5.93,7.44,2025-06-03 02:13:38
Sensor-33,25.55,0.49,7.28,1.58,9.03,6.54,2025-06-02 11:19:18
Sensor-34,37.93,1.98,9.50,48.65,3.24,9.58,2025-06-02 22:35:37
Sensor-35,20.32,0.54,6.40,85.47,10.27,1.00,2025-06-02 20:40:58
Sensor-36,19.72,0.57,4.34,60.44,8.18,13.31,2025-06-02 10:14:38
Sensor-37,32.62,1.75,4.67,93.72,4.72,4.42,2025-06-02 14:30:02
Sensor-38,26.92,0.09,6.64,14.32,5.87,3.23,2025-06-02 18:24:57
Sensor-39,37.10,1.62,8.39,53.11,8.37,6.91,2025-06-03 07:27:33
Sensor-40,27.41,0.13,7.28,44.00,8.71,6.53,2025-06-02 22:15:52
Sensor-41,20.18,0.27,6.95,15.23,8.70,7.71,2025-06-03 02:15:06
Sensor-42,26.75,0.45,8.31,0.97,7.62,4.17,2025-06-03 06:50:21
Sensor-43,18.91,1.92,5.12,44.25,3.24,5.47,2025-06-03 05:17:59
Sensor-44,25.15,0.31,6.83,26.77,10.32,6.74,2025-06-02 20:24:20
Sensor-45,32.83,0.90,6.75,77.58,14.13,1.45,2025-06-02 11:36:14
Sensor-46,23.47,0.09,7.66,6.87,8.93,4.08,2025-06-02 17:40:55
Sensor-47,23.16,0.22,6.51,43.43,6.78,7.83,2025-06-02 20:19:10
Sensor-48,12.64,0.98,9.05,40.00,13.21,2.55,2025-06-03 04:21:05
Sensor-49,37.87,1.00,5.50,67.25,2.78,7.55,2025-06-02 20:25:28
Sensor-50,26.55,0.31,8.43,24.45,11.27,7.10,2025-06-03 02:45:20
Sensor-51,25.80,0.83,3.22,82.56,13.73,11.98,2025-06-03 04:06:58
Sensor-52,28.41,1.52,3.27,94.64,9.27,14.73,2025-06-03 05:59:53
Sensor-53,13.94,0.91,3.37,94.81,7.55,7.47,2025-06-03 05:17:29
Sensor-54,21.47,0.25,6.83,20.51,9.92,9.12,2025-06-02 10:19:39
Sensor-55,25.36,0.27,7.15,28.02,11.77,3.48,2025-06-02 18:28:34
Sensor-56,16.43,0.83,9.92,82.10,1.92,12.51,2025-06-02 23:30:43
Sensor-57,32.90,1.19,8.85,62.01,5.74,3.66,2025-06-03 01:54:11
Sensor-58,23.66,0.51,4.21,93.21,12.03,5.29,2025-06-02 10:54:22
Sensor-59,29.50,0.39,7.67,21.17,5.96,8.79,2025-06-02 23:24:02
Sensor-60,33.09,0.67,8.57,62.30,6.76,3.38,2025-06-02 19:14:07
Sensor-61,23.28,0.85,7.28,91.19,6.59,13.18,2025-06-02 23:38:05
Sensor-62,20.45,0.26,8.45,16.10,9.87,4.86,2025-06-02 22:50:43
Sensor-63,20.02,0.40,7.82,8.46,8.28,9.27,2025-06-02 16:28:35
Sensor-64,27.93,0.23,7.72,45.38,8.86,3.98,2025-06-02 23:38:59
Sensor-65,20.47,1.64,8.47,89.32,0.66,3.86,2025-06-03 08:11:19
Sensor-66,25.82,0.26,7.50,47.03,8.41,6.68,2025-06-02 10:43:35
Sensor-67,24.64,1.73,3.89,99.03,11.69,14.79,2025-06-03 00:35:18
Sensor-68,31.34,1.68,6.71,40.45,11.06,14.32,2025-06-02 10:13:29
Sensor-69,22.28,0.11,7.51,3.90,9.54,5.71,2025-06-03 08:15:24
Sensor-70,22.48,0.95,5.85,66.79,1.65,7.23,2025-06-02 17:59:17
Sensor-71,27.27,0.41,6.71,15.16,9.26,6.33,2025-06-03 07:18:48
Sensor-72,18.76,0.77,5.89,93.79,14.70,7.14,2025-06-03 02:54:03
Sensor-73,27.84,0.16,8.27,46.19,10.37,4.36,2025-06-03 02:28:42
Sensor-74,10.60,1.32,4.92,68.60,11.71,4.39,2025-06-03 02:14:37
Sensor-75,29.74,0.00,6.90,29.90,5.55,7.06,2025-06-03 05:51:58
Sensor-76,35.49,1.09,5.80,90.02,3.30,0.94,2025-06-03 07:23:48
Sensor-77,20.16,0.27,7.87,35.67,6.44,9.95,2025-06-03 06:34:44
Sensor-78,39.25,0.68,3.95,73.42,3.61,6.86,2025-06-03 02:46:05
Sensor-79,35.70,1.85,6.22,50.67,13.50,2.44,2025-06-02 14:11:57
Sensor-80,32.37,0.76,6.43,48.66,7.10,5.11,2025-06-03 07:07:50
Sensor-81,23.60,0.33,7.38,4.80,7.80,4.97,2025-06-02 20:28:26
Sensor-82,23.53,1.42,5.38,97.00,5.47,8.42,2025-06-02 11:09:21
Sensor-83,14.13,1.95,4.14,55.80,1.87,9.88,2025-06-03 02:14:13
Sensor-84,24.70,0.14,8.32,48.29,10.49,3.67,2025-06-02 20:45:55
Sensor-85,20.46,0.20,7.73,20.31,9.16,7.93,2025-06-02 14:42:57
Sensor-86,23.65,0.32,6.95,29.19,7.41,7.87,2025-06-02 18:48:17
Sensor-87,29.38,0.24,6.86,4.29,7.99,3.75,2025-06-03 02:19:32
Sensor-88,30.52,1.71,5.03,89.18,9.53,13.30,2025-06-03 02:59:25
Sensor-89,24.81,0.23,7.05,39.65,6.34,5.99,2025-06-02 11:12:59
Sensor-90,25.70,0.12,8.07,5.47,6.58,3.46,2025-06-03 02:22:55
Sensor-91,23.62,0.49,8.46,22.77,8.85,4.76,2025-06-02 14:28:22
Sensor-92,22.11,0.21,6.70,28.71,6.11,6.93,2025-06-02 09:54:55
Sensor-93,35.28,1.66,5.10,69.82,0.54,11.37,2025-06-02 16:12:23
Sensor-94,28.04,0.20,7.32,4.29,10.66,6.21,2025-06-02 14:41:11
Sensor-95,33.70,1.46,7.05,60.35,7.86,8.16,2025-06-02 14:04:19
Sensor-96,27.42,0.44,7.63,5.57,5.16,6.21,2025-06-03 03:58:52
Sensor-97,35.62,1.25,5.94,70.18,5.78,10.08,2025-06-03 00:47:23
Sensor-98,17.59,1.43,3.07,56.39,10.10,5.95,2025-06-02 09:56:38
Sensor-99,24.93,0.48,7.39,31.69,9.79,5.05,2025-06-02 17:37:03
Sensor-100,25.51,0.22,7.71,40.40,6.17,3.21,2025-06-02 09:49:59
Sensor-1,24.22,0.38,7.57,11.71,9.11,9.67,2025-06-02 21:53:28
Sensor-2,25.47,0.30,6.64,36.02,7.16,5.76,2025-06-02 22:39:53
Sensor-3,28.82,0.15,7.03,22.65,9.28,4.06,2025-06-03 03:47:07
Sensor-4,16.49,0.50,8.64,60.10,7.59,14.91,2025-06-02 18:02:11
Sensor-5,27.26,0.21,7.95,20.00,9.77,8.69,2025-06-02 19:59:52
Sensor-6,12.73,0.79,8.13,65.88,9.77,0.91,2025-06-03 02:39:16
Sensor-7,22.52,0.42,3.70,45.55,9.85,10.86,2025-06-03 05:07:10
Sensor-8,17.72,1.11,9.93,86.30,2.39,6.64,2025-06-03 05:37:57
Sensor-9,18.17,1.65,9.22,52.30,8.41,8.42,2025-06-03 03:33:03
Sensor-10,25.88,0.29,7.51,38.40,8.75,3.38,2025-06-03 06:12:27
Sensor-11,29.58,0.03,8.20,17.56,7.55,3.02,2025-06-03 08:28:50
Sensor-12,25.40,0.13,7.76,26.00,6.08,6.50,2025-06-02 15:03:35
Sensor-13,25.56,0.30,6.83,39.85,9.63,6.29,2025-06-02 22:09:03
Sensor-14,25.14,0.31,7.75,45.59,10.67,3.80,2025-06-02 17:22:45
Sensor-15,17.01,0.75,5.12,84.43,10.30,3.15,2025-06-03 07:24:01
Sensor-16,27.52,0.28,6.96,42.05,6.74,3.88,2025-06-03 04:36:59
Sensor-17,37.98,1.75,7.96,81.57,12.92,0.80,2025-06-02 10:35:30
Sensor-18,31.09,1.30,8.75,92.58,9.73,14.57,2025-06-02 17:09:29
Sensor-19,22.92,0.94,9.74,43.75,5.30,1.67,2025-06-02 17:52:15
Sensor-20,29.11,0.22,6.98,19.49,11.34,4.32,2025-06-03 05:41:26
Sensor-21,28.81,0.33,7.39,32.01,11.43,3.00,2025-06-03 04:56:17
Sensor-22,14.46,0.83,4.17,67.46,7.82,1.78,2025-06-03 04:54:19
Sensor-23,25.24,0.17,8.01,28.65,7.18,7.30,2025-06-02 16:36:39
Sensor-24,26.36,0.07,7.80,21.88,7.25,9.49,2025-06-02 14:31:23
Sensor-25,26.38,0.15,8.35,18.87,6.44,3.68,2025-06-03 02:35:31
Sensor-26,24.43,0.78,8.83,71.63,4.09,10.70,2025-06-03 07:43:41
Sensor-27,21.84,0.40,7.67,22.22,6.85,4.16,2025-06-02 10:35:28
Sensor-28,10.78,0.47,4.05,63.73,10.75,2.49,2025-06-03 00:59:43
Sensor-29,22.04,0.13,6.71,8.83,11.72,4.88,2025-06-03 07:44:03
Sensor-30,32.69,1.17,5.13,90.80,12.54,2.49,2025-06-02 11:55:51
Sensor-31,26.63,0.18,7.80,15.21,10.39,9.39,2025-06-02 10:27:08
Sensor-32,22.31,0.16,7.21,5.52,6.81,6.66,2025-06-02 12:11:31
Sensor-33,27.42,0.89,6.28,78.76,7.69,12.34,2025-06-03 03:21:59
Sensor-34,24.07,0.38,8.19,19.00,8.45,8.05,2025-06-02 15:30:32
Sensor-35,20.17,0.92,9.12,75.10,12.50,6.26,2025-06-02 14:40:46
Sensor-36,20.80,0.65,8.93,63.92,0.52,5.70,2025-06-02 19:46:27
Sensor-37,25.73,0.16,7.53,5.85,6.37,5.14,2025-06-02 16:55:00
Sensor-38,23.10,0.41,7.82,27.06,10.52,9.64,2025-06-03 04:42:03
Sensor-39,29.81,0.43,7.50,9.86,6.59,6.43,2025-06-03 01:25:04
Sensor-40,22.97,0.47,8.34,21.94,9.97,3.03,2025-06-02 11:13:49
Sensor-41,26.70,0.13,6.76,6.85,9.30,5.79,2025-06-02 20:25:49
Sensor-42,30.80,0.82,9.53,99.43,5.95,14.66,2025-06-02 11:44:10
Sensor-43,29.43,0.42,7.91,16.37,5.02,7.93,2025-06-03 00:20:46
Sensor-44,27.57,0.07,7.50,49.45,10.54,5.20,2025-06-02 23:26:40
Sensor-45,23.03,0.53,9.25,57.64,10.80,13.89,2025-06-02 11:29:15
Sensor-46,22.99,0.39,8.17,31.90,9.09,5.63,2025-06-03 04:11:48
Sensor-47,27.79,0.38,7.95,30.59,8.15,5.13,2025-06-02 10:13:19
Sensor-48,22.28,1.35,4.78,66.90,14.37,4.92,2025-06-03 01:09:31
Sensor-49,23.16,0.22,8.02,24.31,5.31,6.51,2025-06-02 12:18:41
Sensor-50,28.19,0.15,8.04,31.12,9.03,6.46,2025-06-02 09:33:19
Sensor-51,10.75,1.81,5.76,55.52,11.58,12.70,2025-06-02 18:39:31
Sensor-52,28.30,0.49,7.62,21.03,5.78,7.31,2025-06-02 12:41:25
Sensor-53,21.22,0.03,7.32,31.84,8.17,3.45,2025-06-02 12:21:23
Sensor-54,27.27,1.64,4.94,43.12,0.57,6.98,2025-06-02 11:29:51
Sensor-55,21.78,0.39,7.57,30.12,11.11,8.43,2025-06-02 22:02:14
Sensor-56,27.79,0.02,8.16,2.59,7.03,5.29,2025-06-02 15:38:38
Sensor-57,38.43,1.15,6.77,59.69,7.55,10.38,2025-06-03 05:40:31
Sensor-58,21.13,0.05,8.19,27.96,10.07,7.18,2025-06-02 22:54:32
Sensor-59,19.04,0.60,7.82,66.05,4.82,2.36,2025-06-02 15:36:59
Sensor-60,21.20,0.37,7.89,21.76,8.94,7.63,2025-06-03 01:16:46
Sensor-61,27.35,0.31,8.49,40.20,6.30,3.45,2025-06-03 02:59:07
Sensor-62,33.90,0.45,4.59,86.38,13.06,4.21,2025-06-02 23:38:26
Sensor-63,31.53,0.95,6.04,92.09,5.73,10.16,2025-06-02 22:47:52
Sensor-64,29.75,0.40,7.85,10.38,6.83,6.91,2025-06-03 05:39:56
Sensor-65,39.78,1.11,3.72,46.75,0.27,2.16,2025-06-02 19:06:46
Sensor-66,30.50,1.56,9.23,74.12,12.78,3.56,2025-06-02 11:52:54
Sensor-67,12.30,1.10,3.34,77.01,0.21,11.60,2025-06-02 19:41:12
Sensor-68,28.78,0.19,7.57,39.03,8.52,4.11,2025-06-02 16:14:45
Sensor-69,23.27,0.09,7.90,11.57,10.11,6.81,2025-06-03 03:07:02
Sensor-70,24.05,0.05,7.21,37.26,11.67,7.54,2025-06-02 11:43:59
Sensor-71,11.24,1.93,7.98,76.54,6.54,4.78,2025-06-03 09:06:08
Sensor-72,37.78,0.61,4.62,50.20,6.00,1.21,2025-06-03 01:24:32
Sensor-73,27.23,0.14,8.34,0.62,10.15,8.57,2025-06-02 21:57:23
Sensor-74,12.23,0.97,9.71,84.52,2.03,6.65,2025-06-03 00:15:36
Sensor-75,28.63,0.25,7.33,6.10,10.23,4.51,2025-06-03 05:31:19
Sensor-76,11.64,0.73,5.42,53.75,3.33,1.55,2025-06-03 00:28:37
Sensor-77,21.69,0.10,7.01,25.99,7.91,6.01,2025-06-02 10:57:57
Sensor-78,24.22,0.45,7.01,33.22,11.05,4.56,2025-06-03 05:28:18
Sensor-79,32.21,1.75,5.26,84.21,2.48,5.02,2025-06-02 12:25:24
Sensor-80,33.20,0.47,3.38,85.93,1.25,9.33,2025-06-02 20:44:49
Sensor-81,24.53,0.31,7.46,28.07,5.58,4.98,2025-06-03 01:01:25
Sensor-82,29.99,0.32,7.16,8.96,11.00,5.88,2025-06-03 01:22:43
Sensor-83,24.78,0.35,6.54,41.06,10.98,6.85,2025-06-03 01:35:37
Sensor-84,29.03,0.13,7.11,44.41,7.19,3.02,2025-06-02 10:23:39
Sensor-85,22.68,0.18,7.11,31.74,11.39,8.46,2025-06-02 15:37:29
Sensor-86,27.95,0.23,8.19,35.16,6.26,8.16,2025-06-03 03:49:32
Sensor-87,28.03,0.23,7.72,37.20,7.01,7.76,2025-06-02 19:22:41
Sensor-88,16.37,1.40,4.92,84.20,12.60,10.69,2025-06-03 04:23:42
Sensor-89,35.80,0.78,9.72,95.29,12.70,12.37,2025-06-03 07:58:58
Sensor-90,26.88,0.46,7.70,13.97,11.57,8.41,2025-06-02 20:19:53
Sensor-91,22.27,0.44,7.83,4.34,5.03,7.23,2025-06-02 12:42:39
Sensor-92,26.76,0.14,7.50,21.59,10.99,8.97,2025-06-02 23:10:51
Sensor-93,23.66,1.07,5.81,52.70,3.55,8.95,2025-06-02 23:47:17
Sensor-94,21.85,0.47,7.20,47.24,6.84,9.83,2025-06-02 19:15:50
Sensor-95,18.49,1.71,8.47,66.27,14.61,14.86,2025-06-03 09:11:53
Sensor-96,27.49,0.31,8.02,24.63,11.15,3.45,2025-06-02 21:34:01
Sensor-97,17.71,1.86,8.58,83.37,8.83,4.96,2025-06-03 08:10:05
Sensor-98,25.88,0.26,6.73,39.10,7.24,7.01,2025-06-02 14:53:17
Sensor-99,30.26,1.81,5.26,70.89,9.42,8.75,2025-06-03 05:25:13
Sensor-100,27.95,0.30,7.29,15.72,9.15,8.20,2025-06-03 01:48:41
Sensor-1,32.72,1.01,3.83,58.29,0.65,0.04,2025-06-02 22:30:47
Sensor-2,20.52,0.44,8.28,49.34,9.92,9.20,2025-06-03 01:52:07
Sensor-3,28.92,0.18,6.72,10.60,7.52,8.78,2025-06-02 23:36:22
Sensor-4,25.77,1.24,7.18,80.47,6.31,0.80,2025-06-02 19:08:02
Sensor-5,29.82,1.53,4.43,70.35,1.56,1.37,2025-06-03 05:29:17
Sensor-6,28.86,1.51,3.30,73.86,0.34,2.00,2025-06-03 03:10:41
Sensor-7,20.72,0.41,6.89,17.68,9.48,3.43,2025-06-02 20:16:57
Sensor-8,12.84,1.10,8.53,98.52,2.64,9.01,2025-06-02 20:24:51
Sensor-9,11.25,1.18,9.05,76.72,14.27,14.81,2025-06-03 06:47:29
Sensor-10,25.03,1.42,5.49,40.46,3.47,12.16,2025-06-02 21:45:02
Sensor-11,11.28,1.36,3.56,95.00,9.54,5.11,2025-06-03 01:29:43
Sensor-12,23.01,0.15,7.65,14.53,7.33,9.65,2025-06-03 00:54:20
Sensor-13,28.73,0.08,7.02,18.73,10.79,3.85,2025-06-02 22:15:04
Sensor-14,20.92,0.48,8.39,14.64,9.76,9.68,2025-06-03 02:37:30
Sensor-15,15.61,1.92,7.63,54.83,12.30,11.73,2025-06-02 20:07:38
Sensor-16,26.30,0.10,8.37,18.97,10.72,7.74,2025-06-02 23:47:39
Sensor-17,13.12,1.62,4.96,56.23,2.10,7.55,2025-06-02 09:52:13
Sensor-18,12.84,0.95,7.43,91.97,12.51,14.21,2025-06-03 08:11:13
Sensor-19,35.72,1.13,3.88,40.10,0.43,10.42,2025-06-03 06:29:31
Sensor-20,23.97,0.47,8.45,18.34,5.81,7.62,2025-06-02 22:15:52
Sensor-21,37.27,1.20,8.96,81.95,14.22,3.21,2025-06-02 20:23:23
Sensor-22,10.90,0.77,8.67,98.08,4.95,11.54,2025-06-02 19:59:00
Sensor-23,27.41,0.01,7.82,33.22,8.48,5.49,2025-06-03 03:32:25
Sensor-24,29.24,1.26,5.28,57.74,3.99,10.65,2025-06-02 22:41:37
Sensor-25,25.74,0.23,8.06,11.45,10.64,6.12,2025-06-02 14:48:19
Sensor-26,27.94,0.47,8.36,7.67,7.23,3.46,2025-06-02 10:56:04
Sensor-27,30.63,1.68,5.36,87.95,12.62,11.67,2025-06-02 22:52:37
Sensor-28,18.39,0.49,3.44,82.84,12.22,9.25,2025-06-02 18:11:41
Sensor-29,21.72,1.54,3.03,69.61,2.83,8.46,2025-06-03 07:46:20
Sensor-30,20.59,0.19,7.78,9.90,11.93,8.66,2025-06-03 08:15:20
Sensor-31,20.89,0.40,7.30,19.12,11.31,5.60,2025-06-03 03:29:52
Sensor-32,38.40,1.44,7.49,61.51,12.05,5.68,2025-06-03 04:20:08
Sensor-33,28.20,0.43,6.69,29.44,7.11,7.61,2025-06-02 10:18:25
Sensor-34,25.16,0.32,7.92,9.61,8.46,8.72,2025-06-03 04:17:57
Sensor-35,25.65,0.43,9.21,60.54,0.45,10.78,2025-06-03 01:14:33
Sensor-36,17.74,0.98,6.90,71.46,5.28,6.23,2025-06-03 06:58:45
Sensor-37,21.06,0.24,8.37,35.55,9.14,9.79,2025-06-02 20:31:31
Sensor-38,28.77,0.74,7.46,59.86,12.00,4.64,2025-06-03 08:32:56
Sensor-39,28.61,0.34,7.06,47.95,10.26,4.91,2025-06-02 21:21:20
Sensor-40,22.08,0.32,7.10,28.86,5.01,5.37,2025-06-02 15:19:45
Sensor-41,13.31,0.50,6.98,94.44,3.43,5.20,2025-06-02 15:24:33
Sensor-42,15.00,0.41,6.69,83.25,13.19,4.20,2025-06-02 16:43:19
Sensor-43,20.21,0.03,7.88,23.81,7.79,7.07,2025-06-03 07:59:08
Sensor-44,23.63,0.17,7.05,13.93,11.18,7.40,2025-06-03 08:38:01
Sensor-45,25.46,1.69,3.36,97.98,1.67,12.40,2025-06-02 18:14:31
Sensor-46,28.63,0.12,7.29,23.69,10.15,9.31,2025-06-02 22:44:07
Sensor-47,24.02,0.23,7.72,17.32,11.26,4.68,2025-06-02 23:57:09
Sensor-48,22.53,0.67,3.84,73.89,3.89,4.95,2025-06-03 01:25:17
Sensor-49,21.73,1.67,3.67,87.34,2.55,13.11,2025-06-02 19:30:54
Sensor-50,20.44,0.25,6.82,30.44,6.63,9.53,2025-06-02 14:28:12
Sensor-51,29.78,0.05,6.91,27.11,7.93,6.69,2025-06-03 05:02:20
Sensor-52,23.14,0.29,7.46,4.68,6.80,6.13,2025-06-03 01:50:43
Sensor-53,24.40,0.18,7.08,27.80,7.99,5.50,2025-06-03 07:55:00
Sensor-54,16.37,1.84,7.51,84.92,5.35,13.34,2025-06-02 22:02:45
Sensor-55,37.59,1.38,4.96,55.98,7.56,1.85,2025-06-02 12:33:02
Sensor-56,34.12,1.56,3.40,56.28,5.04,12.06,2025-06-02 16:45:52
Sensor-57,29.98,0.28,6.84,17.33,10.32,7.10,2025-06-02 10:06:33
Sensor-58,23.19,0.39,7.50,17.17,11.56,4.46,2025-06-02 23:22:13
Sensor-59,27.69,0.10,6.87,47.21,6.50,4.28,2025-06-03 05:52:06
Sensor-60,16.76,1.89,6.29,91.39,9.28,14.70,2025-06-02 23:57:08
Sensor-61,22.93,1.02,4.36,86.30,11.70,13.75,2025-06-02 22:24:57
Sensor-62,30.94,1.03,8.76,89.03,7.27,14.28,2025-06-02 23:22:04
Sensor-63,21.21,0.22,8.38,41.87,8.65,3.44,2025-06-02 20:07:45
Sensor-64,38.21,0.63,4.30,77.75,14.06,4.83,2025-06-03 06:07:58
Sensor-65,25.51,0.50,8.18,55.41,1.08,6.94,2025-06-02 11:23:46
Sensor-66,35.81,1.39,3.19,41.56,2.64,13.83,2025-06-02 19:49:37
Sensor-67,14.26,1.09,5.62,47.95,4.47,2.36,2025-06-03 02:26:25
Sensor-68,26.18,0.37,7.47,42.70,11.88,6.59,2025-06-02 11:14:42
Sensor-69,26.73,0.27,8.03,18.04,6.65,5.49,2025-06-03 07:54:08
Sensor-70,22.45,0.19,6.77,16.82,10.34,7.48,2025-06-03 06:11:54
Sensor-71,21.83,0.81,7.18,55.30,8.25,10.90,2025-06-03 05:30:27
Sensor-72,10.72,0.94,8.57,72.89,4.26,4.45,2025-06-02 23:52:37
Sensor-73,38.29,0.58,7.03,83.63,0.59,6.41,2025-06-03 05:51:05
Sensor-74,30.50,1.74,9.75,90.83,9.79,14.07,2025-06-02 11:24:41
Sensor-75,17.68,0.59,8.77,74.01,5.08,4.00,2025-06-03 03:45:27
Sensor-76,23.93,1.24,8.75,60.79,10.78,1.04,2025-06-03 04:46:53
Sensor-77,35.31,0.99,9.45,96.78,10.91,8.08,2025-06-02 11:33:16
Sensor-78,29.29,1.81,3.17,88.81,5.03,11.35,2025-06-02 10:07:11
Sensor-79,24.77,0.16,7.89,16.11,9.44,7.97,2025-06-03 05:22:20
Sensor-80,29.51,0.45,7.79,33.67,10.37,7.22,2025-06-02 16:00:44
Sensor-81,29.38,0.00,7.55,20.49,10.05,9.09,2025-06-03 00:39:35
Sensor-82,39.86,1.92,5.04,81.85,0.39,9.02,2025-06-03 09:16:44
Sensor-83,38.03,1.74,3.66,59.41,11.17,6.19,2025-06-02 10:51:58
Sensor-84,28.90,0.34,7.62,13.17,5.67,4.33,2025-06-02 18:32:06
Sensor-85,29.98,0.28,6.68,36.59,5.20,4.70,2025-06-02 09:44:29
Sensor-86,13.84,1.17,5.98,76.19,4.51,10.78,2025-06-03 03:50:02
Sensor-87,36.31,0.45,8.70,93.80,2.23,7.52,2025-06-02 18:37:26
Sensor-88,25.61,0.49,7.18,34.96,6.99,5.41,2025-06-02 15:36:43
Sensor-89,15.23,0.78,5.64,57.68,10.25,12.86,2025-06-02 18:20:30
Sensor-90,27.41,0.02,6.71,9.07,11.82,8.47,2025-06-02 20:35:56
Sensor-91,20.35,0.37,8.37,37.81,6.19,5.44,2025-06-03 01:55:55
Sensor-92,38.78,1.55,3.48,96.15,12.10,1.86,2025-06-02 18:18:37
Sensor-93,32.68,1.92,4.08,48.05,9.70,14.85,2025-06-03 02:47:38
Sensor-94,27.22,0.14,6.89,42.76,5.25,9.31,2025-06-02 21:40:49
Sensor-95,20.62,0.21,8.11,48.65,9.84,3.31,2025-06-03 04:21:44
Sensor-96,29.68,1.67,3.86,97.80,1.14,0.13,2025-06-02 22:42:09
Sensor-97,25.30,0.42,4.78,55.79,8.75,5.03,2025-06-02 21:46:02
Sensor-98,22.92,1.53,9.22,94.20,7.87,5.17,2025-06-02 10:03:23
Sensor-99,29.25,0.12,6.64,42.49,8.75,8.94,2025-06-03 02:27:49
Sensor-100,20.48,0.81,7.46,72.28,13.17,5.95,2025-06-02 18:43:40
Sensor-1,20.91,0.38,8.50,37.26,8.85,6.50,2025-06-02 17:36:21
Sensor-2,32.75,0.51,4.19,86.42,4.68,12.96,2025-06-02 20:31:57
Sensor-3,10.64,1.81,5.37,77.05,14.23,14.99,2025-06-02 16:19:45
Sensor-4,27.81,0.17,7.77,30.14,6.29,3.69,2025-06-03 03:47:05
Sensor-5,11.20,1.43,9.95,65.27,0.67,12.69,2025-06-02 19:50:20
Sensor-6,23.03,0.48,6.64,32.68,5.53,3.86,2025-06-03 06:39:37
Sensor-7,30.80,1.29,9.51,98.71,5.15,2.21,2025-06-02 16:48:58
Sensor-8,22.23,0.69,4.49,88.17,9.20,12.41,2025-06-02 14:30:14
Sensor-9,23.29,0.05,7.75,45.34,10.12,7.27,2025-06-03 00:05:42
Sensor-10,35.22,0.55,3.03,77.11,2.96,12.70,2025-06-02 09:40:07
Sensor-11,23.50,0.42,7.09,14.98,9.03,3.40,2025-06-02 21:38:47
Sensor-12,28.68,0.33,6.88,12.48,9.02,4.86,2025-06-02 16:39:21
Sensor-13,29.59,1.11,5.22,87.12,4.96,4.35,2025-06-02 16:04:39
Sensor-14,26.73,1.30,8.87,84.00,4.60,5.67,2025-06-02 21:30:10
Sensor-15,11.61,1.90,6.72,59.84,0.28,0.59,2025-06-02 11:09:52
Sensor-16,23.12,0.05,7.00,48.43,6.24,9.42,2025-06-02 23:17:26
Sensor-17,22.67,0.00,8.27,1.26,8.91,9.73,2025-06-02 10:40:00
Sensor-18,20.09,0.02,7.66,11.84,11.71,5.32,2025-06-03 04:21:55
Sensor-19,10.92,1.43,9.03,43.84,9.17,3.18,2025-06-03 08:41:46
Sensor-20,20.60,0.37,7.74,16.28,7.63,4.78,2025-06-03 03:50:51
Sensor-21,25.03,1.96,7.08,92.30,12.53,8.08,2025-06-03 07:14:35
Sensor-22,33.34,1.32,3.57,85.72,1.22,1.44,2025-06-02 12:51:45
Sensor-23,36.44,1.25,8.39,71.37,4.38,0.24,2025-06-02 22:34:13
Sensor-24,18.85,1.37,8.90,47.32,4.77,4.04,2025-06-02 12:12:30
Sensor-25,33.45,1.48,5.64,89.31,9.73,1.74,2025-06-02 17:16:25
Sensor-26,28.44,0.52,7.47,93.33,4.34,0.77,2025-06-03 08:21:11
Sensor-27,27.90,0.07,7.43,24.53,6.09,6.94,2025-06-03 05:58:17
Sensor-28,21.59,0.14,6.60,1.24,10.50,5.07,2025-06-02 10:37:55
Sensor-29,23.83,0.29,8.13,7.08,9.46,4.57,2025-06-03 01:02:17
Sensor-30,25.57,0.11,6.91,17.20,6.31,6.85,2025-06-02 11:20:48
Sensor-31,28.85,1.77,6.02,77.62,13.69,13.27,2025-06-03 04:45:21
Sensor-32,16.62,1.27,8.59,54.00,0.53,13.90,2025-06-02 21:39:16
Sensor-33,16.92,0.49,5.68,45.09,12.61,2.22,2025-06-03 01:45:17
Sensor-34,21.56,0.11,6.82,44.12,11.26,4.28,2025-06-02 10:40:27
Sensor-35,21.15,1.76,7.23,90.64,14.82,4.85,2025-06-03 07:16:01
Sensor-36,37.52,0.85,7.72,73.64,9.68,2.75,2025-06-02 13:12:29
Sensor-37,24.93,0.46,7.98,44.90,8.80,3.73,2025-06-02 12:03:45
Sensor-38,21.54,1.65,3.99,86.14,13.38,6.26,2025-06-02 09:34:14
Sensor-39,26.95,0.41,7.98,24.61,11.12,3.40,2025-06-03 06:49:20
Sensor-40,25.51,0.45,6.62,20.27,7.58,7.87,2025-06-02 16:26:24
Sensor-41,29.86,1.17,6.82,94.83,0.20,2.42,2025-06-02 21:15:20
Sensor-42,23.66,0.24,6.60,34.28,5.50,6.16,2025-06-02 14:12:03
Sensor-43,35.62,0.91,5.91,69.03,8.34,1.66,2025-06-02 15:49:36
Sensor-44,27.12,0.32,7.54,18.50,11.46,9.44,2025-06-02 09:23:23
Sensor-45,23.21,0.16,7.91,1.60,6.55,6.70,2025-06-03 08:12:01
Sensor-46,37.41,1.35,6.19,88.98,10.79,0.55,2025-06-03 08:13:59
Sensor-47,29.53,0.90,3.37,53.70,13.37,5.69,2025-06-02 21:06:09
Sensor-48,24.45,0.23,8.49,39.15,7.00,9.26,2025-06-02 10:30:27
Sensor-49,35.20,0.70,9.26,82.12,5.91,2.51,2025-06-02 12:51:28
Sensor-50,10.22,0.80,5.63,84.91,11.82,12.64,2025-06-03 02:41:28
Sensor-51,11.18,1.54,7.74,98.48,12.87,9.11,2025-06-03 00:41:36
Sensor-52,20.35,0.41,9.15,72.10,10.40,7.68,2025-06-02 11:50:00
Sensor-53,33.94,0.82,9.77,50.84,14.86,11.23,2025-06-02 14:21:48
Sensor-54,20.65,0.02,6.56,8.33,9.70,6.24,2025-06-02 12:23:04
Sensor-55,21.48,0.31,7.33,0.51,8.41,7.54,2025-06-03 04:19:04
Sensor-56,16.69,0.50,4.68,91.13,10.32,8.72,2025-06-03 01:20:25
Sensor-57,11.82,1.36,3.36,40.22,7.90,8.64,2025-06-02 21:29:59
Sensor-58,24.39,0.24,7.94,19.75,11.97,4.99,2025-06-02 12:04:53
Sensor-59,27.53,0.09,7.06,46.95,10.54,6.43,2025-06-03 00:56:56
Sensor-60,12.03,1.79,6.55,91.38,3.75,11.30,2025-06-02 12:51:09
Sensor-61,26.64,1.15,5.95,93.45,9.39,10.20,2025-06-02 16:06:13
Sensor-62,26.53,0.46,7.82,17.90,8.03,5.30,2025-06-03 04:41:12
Sensor-63,27.92,0.26,7.21,46.38,7.64,7.33,2025-06-02 12:00:24
Sensor-64,28.76,0.24,7.09,46.98,11.21,9.98,2025-06-02 17:04:07
Sensor-65,24.81,0.11,6.90,6.37,9.26,8.62,2025-06-03 03:20:34
Sensor-66,28.00,0.32,8.25,17.74,7.02,4.62,2025-06-02 12:45:53
Sensor-67,11.71,0.91,6.45,95.41,4.61,6.51,2025-06-02 16:39:29
Sensor-68,20.99,0.38,8.43,38.87,8.59,5.61,2025-06-02 16:02:54
Sensor-69,27.77,0.10,7.68,11.10,5.37,3.47,2025-06-02 21:18:36
Sensor-70,27.94,0.26,7.54,35.56,9.46,4.29,2025-06-02 12:51:05
Sensor-71,19.77,0.41,7.63,53.62,2.08,14.89,2025-06-02 20:21:17
Sensor-72,25.42,0.48,7.34,37.81,7.79,9.23,2025-06-03 03:35:28
Sensor-73,24.26,0.48,7.67,8.53,6.41,4.48,2025-06-02 19:58:26
Sensor-74,28.58,0.32,7.83,33.57,11.45,8.18,2025-06-03 01:04:40
Sensor-75,17.34,0.57,4.07,69.31,0.18,5.39,2025-06-02 23:55:41
Sensor-76,15.51,0.52,7.33,74.09,0.55,0.23,2025-06-03 07:11:35
Sensor-77,36.82,1.26,4.63,54.07,3.55,5.83,2025-06-02 19:45:18
Sensor-78,10.47,1.62,6.71,76.27,6.09,13.35,2025-06-03 03:23:29
Sensor-79,25.50,0.16,8.20,13.17,7.08,4.63,2025-06-02 20:14:59
Sensor-80,20.87,0.40,7.37,23.08,10.27,7.55,2025-06-03 03:55:43
Sensor-81,28.79,0.39,8.14,11.29,11.20,5.96,2025-06-03 05:28:02
Sensor-82,24.75,0.32,7.98,29.38,10.26,5.67,2025-06-03 04:20:32
Sensor-83,21.86,0.43,6.61,44.81,11.89,4.43,2025-06-02 14:26:46
Sensor-84,29.30,0.20,7.64,0.49,10.51,5.14,2025-06-02 17:56:29
Sensor-85,20.15,0.02,6.98,26.15,7.56,6.39,2025-06-03 08:03:19
Sensor-86,26.84,0.73,8.93,76.79,9.05,4.68,2025-06-02 19:56:51
Sensor-87,36.81,0.98,3.06,63.55,0.50,1.17,2025-06-03 02:31:29
Sensor-88,29.99,0.46,7.22,44.50,5.17,9.94,2025-06-03 05:58:45
Sensor-89,27.81,0.42,8.10,29.94,6.29,8.26,2025-06-02 19:25:20
Sensor-90,14.57,1.09,6.57,58.95,9.89,3.02,2025-06-03 02:47:35
Sensor-91,22.18,0.43,7.83,22.77,11.23,9.83,2025-06-02 16:56:32
Sensor-92,23.31,0.44,7.96,47.84,8.13,7.94,2025-06-02 10:35:53
Sensor-93,28.32,0.61,8.98,64.21,7.93,5.08,2025-06-02 10:16:15
Sensor-94,15.56,1.80,8.16,96.80,5.48,13.80,2025-06-02 11:27:23
Sensor-95,23.52,0.11,7.59,49.92,9.09,3.93,2025-06-02 21:51:48
Sensor-96,29.32,0.46,6.73,18.77,10.73,8.59,2025-06-03 08:17:49
Sensor-97,25.51,0.37,7.44,4.56,10.00,7.66,2025-06-02 15:22:04
Sensor-98,26.78,0.16,8.17,12.52,11.98,3.60,2025-06-02 11:58:35
Sensor-99,26.19,1.32,4.78,46.36,10.65,0.73,2025-06-03 05:38:28
Sensor-100,35.41,1.87,6.11,95.06,7.91,0.07,2025-06-02 14:13:57
